<?xml version="1.0" encoding="UTF-8"?>
<smr><piece><score><renderingHints><renderingHint key="scale" value="0.7"/></renderingHints><layout><pages left="" top="" right="" bottom=""><distances><staffLines small="" normal=""/><systems top="" between=""/></distances></pages></layout><systems><system wrap="line-hard"><context><timeSign time="10/8"><metricTime numerator="0" denominator="1"/></timeSign><tempo tempo="120.0"><metricTime numerator="0" denominator="1"/></tempo><tempo tempo="-1.0"><metricTime numerator="1" denominator="1"/></tempo><keySign fifths="3"><metricTime numerator="0" denominator="1"/></keySign></context><staves><staff><renderingHints><renderingHint key="note spacing" value="2.0"/><renderingHint key="draw tabulatur" value="true"/></renderingHints><context/><voices><voice><noteObjects><chord><stem invisible="true"/><duration base="1/4" noDuration="true"/><display small="true"/><heads><head pitch="D7" id="8" ref="8"/></heads></chord><chord><duration base="1/4" dots="1"/><heads><head pitch="E7" id="10" ref="10"><tablature instrString="2" fret="15" paranthised="false"><pullUp numerator="1" denominator="1" pitch="D7" pullDownTarget="-1" longPullDown="1"/></tablature><performanceNote channel="0" duration="750000" pitch="88" velocity="90" time="0"/></head></heads></chord><chord><duration base="1/16"/><beam group="force"/><heads><head pitch="D7" id="13" ref="13"><tablature instrString="2" fret="15" paranthised="false"/><performanceNote channel="0" duration="125000" pitch="86" velocity="90" time="750000"/></head></heads></chord><chord><duration base="1/16"/><beam group="force"/><heads><head pitch="C7" id="16" ref="16"><tablature instrString="2" fret="14" paranthised="false"/><alter step="1"/><performanceNote channel="0" duration="125000" pitch="85" velocity="90" time="875000"/></head></heads></chord><chord><duration base="1/16"/><beam group="force"/><heads><head pitch="B6" id="19" ref="19"><tablature instrString="3" fret="16" paranthised="false"/><performanceNote channel="0" duration="125000" pitch="83" velocity="90" time="1000000"/></head></heads></chord><chord><duration base="1/16"/><heads><head pitch="C7" id="22" ref="22"><tablature instrString="2" fret="14" paranthised="false"/><alter step="1"/><performanceNote channel="0" duration="125000" pitch="85" velocity="90" time="1125000"/></head></heads></chord><rest><duration base="1/8"/></rest><chord><stem invisible="true"/><duration base="1/4" noDuration="true"/><display small="true"/><heads><head pitch="C7" id="26" ref="26"><alter step="1"/></head></heads></chord><chord><duration base="1/16"/><beam group="force"/><drawObjects><drawObj><slur noteNum="1"/></drawObj></drawObjects><heads><head pitch="D7" id="28" ref="28"><tablature instrString="2" fret="14" paranthised="false"><pullUp numerator="1" denominator="2" pitch="C7" pullDownTarget="1" longPullDown="2"/></tablature><performanceNote channel="0" duration="125000" pitch="86" velocity="90" time="1500000"/></head></heads></chord><chord><duration base="1/32"/><beam group="force"/><drawObjects><drawObj><slur noteNum="1"/></drawObj></drawObjects><heads><head pitch="C7" id="31" ref="31"><tablature instrString="2" fret="14" paranthised="true"/><alter step="1"/><performanceNote channel="0" duration="62500" pitch="85" velocity="90" time="1625000"/></head></heads></chord><chord><duration base="1/32"/><beam group="force"/><heads><head pitch="B6" id="34" ref="34"><tablature instrString="2" fret="12" paranthised="false"/><performanceNote channel="0" duration="62500" pitch="83" velocity="90" time="1687500"/></head></heads></chord><chord><duration base="1/16"/><beam group="force"/><heads><head pitch="C7" id="37" ref="37"><tablature instrString="2" fret="14" paranthised="false"/><alter step="1"/><performanceNote channel="0" duration="125000" pitch="85" velocity="90" time="1750000"/></head></heads></chord><chord><duration base="1/32"/><beam group="force"/><heads><head pitch="D7" id="40" ref="40"><tablature instrString="2" fret="15" paranthised="false"/><performanceNote channel="0" duration="62500" pitch="86" velocity="90" time="1875000"/></head></heads></chord><chord><duration base="1/32"/><heads><head pitch="C7" id="43" ref="43"><tablature instrString="2" fret="14" paranthised="false"/><alter step="1"/><performanceNote channel="0" duration="62500" pitch="85" velocity="90" time="1937500"/></head></heads></chord><chord><duration base="1/32"/><beam group="force"/><heads><head pitch="B6" id="46" ref="46"><tablature instrString="2" fret="12" paranthised="false"/><performanceNote channel="0" duration="62500" pitch="83" velocity="90" time="2000000"/></head></heads></chord><chord><duration base="1/32"/><beam group="force"/><heads><head pitch="C7" id="49" ref="49"><tablature instrString="2" fret="14" paranthised="false"/><alter step="1"/><performanceNote channel="0" duration="62500" pitch="85" velocity="90" time="2062500"/></head></heads></chord><chord><duration base="1/32"/><beam group="force"/><heads><head pitch="D7" id="52" ref="52"><tablature instrString="2" fret="15" paranthised="false"/><performanceNote channel="0" duration="62500" pitch="86" velocity="90" time="2125000"/></head></heads></chord><chord><duration base="1/32"/><beam group="force"/><heads><head pitch="C7" id="55" ref="55"><tablature instrString="2" fret="14" paranthised="false"/><alter step="1"/><performanceNote channel="0" duration="62500" pitch="85" velocity="90" time="2187500"/></head></heads></chord><chord><duration base="1/32"/><beam group="force"/><heads><head pitch="B6" id="58" ref="58"><tablature instrString="2" fret="12" paranthised="false"/><performanceNote channel="0" duration="62500" pitch="83" velocity="90" time="2250000"/></head></heads></chord><chord><duration base="1/32"/><beam group="force"/><heads><head pitch="C7" id="61" ref="61"><tablature instrString="2" fret="14" paranthised="false"/><alter step="1"/><performanceNote channel="0" duration="62500" pitch="85" velocity="90" time="2312500"/></head></heads></chord><chord><duration base="1/32"/><beam group="force"/><heads><head pitch="D7" id="64" ref="64"><tablature instrString="2" fret="15" paranthised="false"/><performanceNote channel="0" duration="62500" pitch="86" velocity="90" time="2375000"/></head></heads></chord><chord><duration base="1/32"/><heads><head pitch="B6" id="67" ref="67"><tablature instrString="2" fret="12" paranthised="false"/><performanceNote channel="0" duration="62500" pitch="83" velocity="90" time="2437500"/></head></heads></chord><chord><duration base="1/16"><tuplet count="3" denom="2"/></duration><heads><head pitch="A6" id="70" ref="70"><tablature instrString="3" fret="14" paranthised="false"/><performanceNote channel="0" duration="125000" pitch="81" velocity="90" time="10916667" id="71"/></head></heads></chord></noteObjects></voice></voices></staff><staff><renderingHints><renderingHint key="note spacing" value="2.0"/><renderingHint key="draw tabulatur" value="true"/></renderingHints><context/><voices><voice><noteObjects><rest><duration base="1/8"/></rest><chord><duration base="1/8"/><beam group="force"/><heads><head pitch="E5" id="77" ref="77"><tablature instrString="4" fret="2" paranthised="false"/><performanceNote channel="0" duration="250000" pitch="64" velocity="90" time="250000"/></head></heads></chord><chord><duration base="1/8"/><heads><head pitch="A5" id="80" ref="80"><tablature instrString="3" fret="2" paranthised="false"/><performanceNote channel="0" duration="250000" pitch="69" velocity="90" time="500000"/></head></heads></chord><chord><duration base="1/8"/><beam group="force"/><heads><head pitch="B5" id="83" ref="83"><tablature instrString="2" fret="0" paranthised="false"/><performanceNote channel="0" duration="250000" pitch="71" velocity="90" time="750000"/></head></heads></chord><chord><duration base="1/8"/><beam group="force"/><heads><head pitch="A5" id="86" ref="86"><tablature instrString="3" fret="2" paranthised="false"/><performanceNote channel="0" duration="250000" pitch="69" velocity="90" time="1000000"/></head></heads></chord><chord><duration base="1/8"/><heads><head pitch="E5" id="89" ref="89"><tablature instrString="4" fret="2" paranthised="false"/><performanceNote channel="0" duration="250000" pitch="64" velocity="90" time="1250000"/></head></heads></chord><rest><duration base="1/8"/></rest><chord><duration base="1/8"/><heads><head pitch="E5" id="93" ref="93"><tablature instrString="4" fret="2" paranthised="false"/><performanceNote channel="0" duration="250000" pitch="64" velocity="90" time="1750000"/></head></heads></chord><chord><duration base="1/8"/><heads><head pitch="A5" id="96" ref="96"><tablature instrString="3" fret="2" paranthised="false"/><performanceNote channel="0" duration="250000" pitch="69" velocity="90" time="2000000"/></head></heads></chord><rest><duration base="1/8"/></rest></noteObjects></voice></voices></staff></staves></system><system wrap="line-hard"><context><timeSign time="12/8"><metricTime numerator="10" denominator="8"/></timeSign><timeSign time="10/8"><metricTime numerator="22" denominator="8"/></timeSign><barline><renderingHints><renderingHint key="time signature preview" value="12/8"/></renderingHints><metricTime numerator="10" denominator="8"/></barline><barline><metricTime numerator="22" denominator="8"/></barline></context><staves><staff><renderingHints><renderingHint key="note spacing" value="2.0"/><renderingHint key="draw tabulatur" value="true"/></renderingHints><context/><voices><voice><noteObjects><chord><duration base="1/16"/><beam group="force"/><heads><head pitch="C7" id="105" ref="105"><tablature instrString="2" fret="14" paranthised="false"/><alter step="1"/><performanceNote channel="0" duration="125000" pitch="85" velocity="90" time="2500000"/></head></heads></chord><chord><duration base="1/16"/><heads><head pitch="D7" id="108" ref="108"><tablature instrString="2" fret="15" paranthised="false"/><performanceNote channel="0" duration="125000" pitch="86" velocity="90" time="2625000"/></head></heads></chord><chord><stem tremoloBars="3"/><duration base="1/4"/><heads><head pitch="E7" id="111" ref="111"><stem tremoloBars="3"/><tablature instrString="2" fret="17" paranthised="false"/><performanceNote channel="0" duration="62500" pitch="88" velocity="80" time="2750000"><next class="de.uos.fmt.musitech.data.performance.MidiNoteMulti" channel="0" duration="62500" pitch="88" velocity="80" time="2812500"><next class="de.uos.fmt.musitech.data.performance.MidiNoteMulti" channel="0" duration="62500" pitch="88" velocity="80" time="2875000"><next class="de.uos.fmt.musitech.data.performance.MidiNoteMulti" channel="0" duration="62500" pitch="88" velocity="80" time="2937500"><next class="de.uos.fmt.musitech.data.performance.MidiNoteMulti" channel="0" duration="62500" pitch="88" velocity="80" time="3000000"><next class="de.uos.fmt.musitech.data.performance.MidiNoteMulti" channel="0" duration="62500" pitch="88" velocity="80" time="3062500"><next class="de.uos.fmt.musitech.data.performance.MidiNoteMulti" channel="0" duration="62500" pitch="88" velocity="80" time="3125000"><next class="de.uos.fmt.musitech.data.performance.MidiNoteMulti" channel="0" duration="62500" pitch="88" velocity="80" time="3187500"/></next></next></next></next></next></next></performanceNote></head></heads></chord><chord><duration base="1/16"/><beam group="force"/><heads><head pitch="C7" id="121" ref="121"><tablature instrString="2" fret="14" paranthised="false"/><alter step="1"/><performanceNote channel="0" duration="125000" pitch="85" velocity="90" time="3250000"/></head></heads></chord><chord><duration base="1/16"/><beam group="force"/><heads><head pitch="D7" id="124" ref="124"><tablature instrString="2" fret="15" paranthised="false"/><performanceNote channel="0" duration="125000" pitch="86" velocity="90" time="3375000"/></head></heads></chord><chord><stem tremoloBars="3"/><duration base="1/8" dots="1"/><beam group="force"/><heads><head pitch="E7" id="127" ref="127"><stem tremoloBars="3"/><tablature instrString="2" fret="17" paranthised="false"/><performanceNote channel="0" duration="62500" pitch="88" velocity="80" time="3500000"><next class="de.uos.fmt.musitech.data.performance.MidiNoteMulti" channel="0" duration="62500" pitch="88" velocity="80" time="3562500"><next class="de.uos.fmt.musitech.data.performance.MidiNoteMulti" channel="0" duration="62500" pitch="88" velocity="80" time="3625000"><next class="de.uos.fmt.musitech.data.performance.MidiNoteMulti" channel="0" duration="62500" pitch="88" velocity="80" time="3687500"><next class="de.uos.fmt.musitech.data.performance.MidiNoteMulti" channel="0" duration="62500" pitch="88" velocity="80" time="3750000"><next class="de.uos.fmt.musitech.data.performance.MidiNoteMulti" channel="0" duration="62500" pitch="88" velocity="80" time="3812500"/></next></next></next></next></performanceNote></head></heads></chord><chord><duration base="1/32"/><beam group="force"/><heads><head pitch="D7" id="135" ref="135"><tablature instrString="2" fret="15" paranthised="false"/><performanceNote channel="0" duration="62500" pitch="86" velocity="90" time="3875000"/></head></heads></chord><chord><duration base="1/32"/><heads><head pitch="C7" id="138" ref="138"><tablature instrString="2" fret="14" paranthised="false"/><alter step="1"/><performanceNote channel="0" duration="62500" pitch="85" velocity="90" time="3937500"/></head></heads></chord><chord><duration base="1/16"><tuplet count="3" denom="2"/></duration><heads><head pitch="C7" id="141" ref="141"><tablature instrString="2" fret="14" paranthised="false"/><alter step="1"/><performanceNote channel="0" duration="125000" pitch="85" velocity="90" time="4000000"/></head></heads></chord><chord><duration base="1/16"><tuplet count="3" denom="2"/></duration><heads><head pitch="D7" id="144" ref="144"><tablature instrString="2" fret="15" paranthised="false"/><performanceNote channel="0" duration="125000" pitch="86" velocity="90" time="4083333"/></head></heads></chord><chord><duration base="1/16"><tuplet count="3" denom="2"/></duration><heads><head pitch="E7" id="147" ref="147"><tablature instrString="2" fret="17" paranthised="false"/><performanceNote channel="0" duration="125000" pitch="88" velocity="90" time="4166667"/></head></heads></chord><chord><stem invisible="true"/><duration base="1/4" noDuration="true"/><display small="true"/><heads><head pitch="D7" id="150" ref="150"/></heads></chord><chord><duration base="1/4"/><heads><head pitch="C7" id="152" ref="152"><tablature instrString="3" fret="16" paranthised="false"><pullUp numerator="1" denominator="1" pitch="D7" pullDownTarget="-1" longPullDown="1"/></tablature><alter step="1"/><performanceNote channel="0" duration="500000" pitch="85" velocity="90" time="4250000"/></head></heads></chord><chord><duration base="1/4" dots="1"/><heads><head pitch="E7" id="155" ref="155"><tablature instrString="2" fret="17" paranthised="false"/><performanceNote channel="0" duration="750000" pitch="88" velocity="90" time="4750000"/></head></heads></chord><chord><duration base="1/16"/><beam group="force"/><drawObjects><drawObj><slur noteNum="1"/></drawObj></drawObjects><heads><head pitch="A6" id="158" ref="158"><tablature instrString="3" fret="14" paranthised="false"/><performanceNote channel="0" duration="125000" pitch="81" velocity="90" time="5500000"/></head></heads></chord><chord><duration base="1/16"/><heads><head pitch="B6" id="161" ref="161"><tablature instrString="3" fret="16" paranthised="false"/><performanceNote channel="0" duration="125000" pitch="83" velocity="90" time="5625000"/></head></heads></chord><chord><duration base="1/4"/><heads><head pitch="A6" id="164" ref="164"><tablature instrString="3" fret="14" paranthised="false"/><tie begin="true"/><performanceNote channel="0" duration="500000" pitch="81" velocity="90" time="5750000"/></head></heads></chord><chord><duration base="1/4"/><heads><head pitch="A6" id="167" ref="167"><tie begin="true"/><performanceNote channel="0" duration="500000" pitch="81" velocity="90" time="6250000"/></head></heads></chord><chord><duration base="1/8"/><heads><head pitch="A6" id="170" ref="170"><tablature instrString="3" fret="14" paranthised="true"/><performanceNote channel="0" duration="250000" pitch="81" velocity="90" time="6750000"/></head></heads></chord><chord><duration base="1/16"><tuplet count="3" denom="2"/></duration><heads><head pitch="D6" id="173" ref="173"><tablature instrString="5" fret="17" paranthised="false"/><performanceNote channel="0" duration="125000" pitch="74" velocity="90" time="7000000"/></head></heads></chord><chord><duration base="1/16"><tuplet count="3" denom="2"/></duration><heads><head pitch="F6" id="176" ref="176"><tablature instrString="4" fret="16" paranthised="false"/><alter step="1"/><performanceNote channel="0" duration="125000" pitch="78" velocity="90" time="7083333"/></head></heads></chord><chord><duration base="1/16"><tuplet count="3" denom="2"/></duration><heads><head pitch="A6" id="179" ref="179"><tablature instrString="4" fret="19" paranthised="false"/><performanceNote channel="0" duration="125000" pitch="81" velocity="90" time="7166667"/></head></heads></chord><chord><duration base="1/16"><tuplet count="3" denom="2"/></duration><heads><head pitch="B6" id="182" ref="182"><tablature instrString="3" fret="16" paranthised="false"/><performanceNote channel="0" duration="125000" pitch="83" velocity="90" time="7250000"/></head></heads></chord><chord><duration base="1/16"><tuplet count="3" denom="2"/></duration><heads><head pitch="C7" id="185" ref="185"><tablature instrString="3" fret="18" paranthised="false"/><alter step="1"/><performanceNote channel="0" duration="125000" pitch="85" velocity="90" time="7333333"/></head></heads></chord><chord><duration base="1/16"><tuplet count="3" denom="2"/></duration><heads><head pitch="D7" id="188" ref="188"><tablature instrString="3" fret="19" paranthised="false"/><performanceNote channel="0" duration="125000" pitch="86" velocity="90" time="7416667"/></head></heads></chord><chord><duration base="1/16"><tuplet count="3" denom="2"/></duration><heads><head pitch="F7" id="191" ref="191"><tablature instrString="2" fret="19" paranthised="false"/><alter step="1"/><performanceNote channel="0" duration="125000" pitch="90" velocity="90" time="7500000"/></head></heads></chord><chord><duration base="1/16"><tuplet count="3" denom="2"/></duration><heads><head pitch="A7" id="194" ref="194"><tablature instrString="1" fret="17" paranthised="false"/><performanceNote channel="0" duration="125000" pitch="93" velocity="90" time="7583333"/></head></heads></chord><chord><stem invisible="true"/><duration base="1/4" noDuration="true"/><display small="true"/><heads><head pitch="B7" id="197" ref="197"/></heads></chord><chord><duration base="1/16"><tuplet count="3" denom="2"/></duration><heads><head pitch="C8" id="199" ref="199"><tablature instrString="1" fret="19" paranthised="false"><pullUp numerator="1" denominator="1" pitch="B7" pullDownTarget="-1" longPullDown="1"/></tablature><alter step="1"/><tie begin="true"/><performanceNote channel="0" duration="125000" pitch="97" velocity="90" time="7666667"/></head></heads></chord><chord><duration base="1/8"/><heads><head pitch="C8" id="202" ref="202"><alter step="1"/><tie begin="true"/><performanceNote channel="0" duration="250000" pitch="97" velocity="90" time="7750000"/></head></heads></chord><chord><duration base="1/16"><tuplet count="3" denom="2"/></duration><heads><head pitch="A6" id="205" ref="205"><tablature instrString="3" fret="14" paranthised="false"/><performanceNote/></head></heads></chord></noteObjects></voice></voices></staff><staff><renderingHints><renderingHint key="note spacing" value="2.0"/><renderingHint key="draw tabulatur" value="true"/></renderingHints><context/><voices><voice><noteObjects><rest><duration base="1/8"/></rest></noteObjects></voice></voices></staff></staves></system><system><context><timeSign time="12/8"><metricTime numerator="32" denominator="8"/></timeSign><barline><renderingHints><renderingHint key="time signature preview" value="12/8"/></renderingHints><metricTime numerator="32" denominator="8"/></barline><barline><metricTime numerator="11" denominator="2"/></barline><barline type="double"><metricTime numerator="265" denominator="48"/></barline><barline><metricTime numerator="7" denominator="1"/></barline></context><staves><staff><renderingHints><renderingHint key="note spacing" value="2.0"/><renderingHint key="draw tabulatur" value="true"/></renderingHints><context/><voices><voice><noteObjects><chord><duration base="1/4"/><heads><head pitch="C8" id="216" ref="216"><alter step="1"/><tie begin="true"/><performanceNote channel="0" duration="500000" pitch="97" velocity="90" time="8000000"/></head></heads></chord><chord><duration base="1/16"/><beam group="force"/><heads><head pitch="C8" id="219" ref="219"><alter step="1"/><tie end="true"/><performanceNote channel="0" duration="125000" pitch="97" velocity="90" time="8500000"/></head></heads></chord><chord><stem invisible="true"/><duration base="1/4" noDuration="true"/><display small="true"/><heads><head pitch="C8" id="222" ref="222"/></heads></chord><chord><duration base="1/16"/><heads><head pitch="D8" id="224" ref="224"><tablature instrString="1" fret="20" paranthised="false"><pullUp numerator="1" denominator="1" pitch="C8" pullDownTarget="-1" longPullDown="1"/></tablature><performanceNote channel="0" duration="125000" pitch="98" velocity="90" time="8625000"/></head></heads></chord><chord><stem invisible="true"/><duration base="1/4" noDuration="true"/><display small="true"/><heads><head pitch="B7" id="227" ref="227"/></heads></chord><chord><duration base="1/4"/><heads><head pitch="C8" id="229" ref="229"><tablature instrString="1" fret="19" paranthised="false"><pullUp numerator="1" denominator="1" pitch="B7" pullDownTarget="-1" longPullDown="1"/></tablature><alter step="1"/><tie begin="true"/><performanceNote channel="0" duration="500000" pitch="97" velocity="90" time="8750000"/></head></heads></chord><chord><duration base="1/16"/><heads><head pitch="C8" id="232" ref="232"><alter step="1"/><performanceNote channel="0" duration="125000" pitch="97" velocity="90" time="9250000"/></head></heads></chord><chord><duration base="1/16"><tuplet count="3" denom="2"/></duration><drawObjects><drawObj><slur noteNum="1"/></drawObj></drawObjects><heads><head pitch="B7" id="235" ref="235"><tablature instrString="1" fret="19" paranthised="true"/><performanceNote channel="0" duration="125000" pitch="95" velocity="90" time="9333333"/></head></heads></chord><chord><duration base="1/16"><tuplet count="3" denom="2"/></duration><heads><head pitch="A7" id="238" ref="238"><tablature instrString="1" fret="17" paranthised="false"/><performanceNote channel="0" duration="125000" pitch="93" velocity="90" time="9416667"/></head></heads></chord><chord><duration base="1/4" dots="1"/><heads><head pitch="B7" id="241" ref="241"><tablature instrString="1" fret="19" paranthised="false"/><performanceNote channel="0" duration="750000" pitch="95" velocity="90" time="9500000"/></head></heads></chord><chord><duration base="1/8"/><beam group="force"/><heads><head pitch="B5" id="244" ref="244"><tablature instrString="5" fret="14" paranthised="false"/><performanceNote channel="0" duration="250000" pitch="71" velocity="90" time="10250000"/></head></heads></chord><chord><duration base="1/16"/><beam group="force"/><heads><head pitch="E6" id="247" ref="247"><tablature instrString="4" fret="14" paranthised="false"/><performanceNote channel="0" duration="125000" pitch="76" velocity="90" time="10500000"/></head></heads></chord><chord><duration base="1/16"/><heads><head pitch="B6" id="250" ref="250"><tablature instrString="3" fret="16" paranthised="false"/><performanceNote channel="0" duration="125000" pitch="83" velocity="90" time="10625000"/></head></heads></chord><chord><duration base="1/16"><tuplet count="3" denom="2"/></duration><heads><head pitch="E6" id="253" ref="253"><tablature instrString="4" fret="14" paranthised="false"/><performanceNote channel="0" duration="125000" pitch="76" velocity="90" time="10750000"/></head></heads></chord><chord><duration base="1/16"><tuplet count="3" denom="2"/></duration><heads><head pitch="E7" id="256" ref="256"><tablature instrString="2" fret="17" paranthised="false"/><performanceNote channel="0" duration="125000" pitch="88" velocity="90" time="10833333"/></head></heads></chord><chord><duration base="1/16"><tuplet count="3" denom="2"/></duration><heads><head pitch="A6" id="259" ref="259"><tablature instrString="3" fret="14" paranthised="false"/><performanceNote ref="71"/></head></heads></chord></noteObjects></voice></voices></staff><staff><renderingHints><renderingHint key="note spacing" value="2.0"/><renderingHint key="draw tabulatur" value="true"/></renderingHints><context/><voices><voice><noteObjects><rest><duration base="1/8"/></rest></noteObjects></voice></voices></staff></staves></system></systems></score><selections/></piece></smr>