<?xml version="1.0" encoding="ISO-8859-1" standalone="yes"?>
<smr>
<piece>
<score>
	<layout>
		<pages top="20" right="20" bottom="20" left="20"/>
		<distances>
			<staffLines small="1.24" pageObj="1.8" normal="1.4"/>
			<systems top="0" between="0"/>
		</distances>
		<instrumentNames>
			<font height="12" face="Times New Roman"/>
		</instrumentNames>
		<staves>
			<staffLayout description="unbenannt1">
				<notation defaultClef="treble">
					<barlines to="7" from="3" mode="internal"/>
				</notation>
				<distances top="5" bottom="5"/>
				<instrument abbrev="" name=""/>
				<sound volume="80" instr="0"/>
			</staffLayout>
			<staffLayout description="unbenannt2">
				<notation defaultClef="treble">
					<barlines to="7" from="3" mode="internal"/>
				</notation>
				<distances top="5" bottom="5"/>
				<instrument abbrev="" name=""/>
				<sound volume="80" instr="0"/>
			</staffLayout>
			<staffLayout description="unbenannt3">
				<notation defaultClef="G2-">
					<barlines to="7" from="3" mode="internal"/>
				</notation>
				<distances top="5" group="1" bottom="5"/>
				<instrument abbrev="" name=""/>
				<sound volume="80" instr="0"/>
			</staffLayout>
			<staffLayout description="unbenannt4">
				<notation defaultClef="treble">
					<barlines to="7" from="3"/>
				</notation>
				<distances lineDist="small" top="5" bottom="5"/>
				<instrument abbrev="" name=""/>
				<sound volume="80" instr="0"/>
			</staffLayout>
			<staffLayout description="unbenannt5">
				<notation defaultClef="bass">
					<barlines to="7" from="3" mode="internal"/>
				</notation>
				<distances lineDist="small" top="5" bottom="5"/>
				<instrument abbrev="" name=""/>
				<sound volume="80" instr="0"/>
			</staffLayout>
		</staves>
		<brackets>
			<bracket to="2" from="0"/>
			<bracket to="4" from="3" curly="true"/>
		</brackets>
		<spacing useRealSize="false" abs="0" rel="0" useLyricsSize="false"/>
		<beamFlattening to="0" toMax="0" from="0" fromMax="0"/>
	</layout>
	<systems>
		<system justified="true" instrNotation="long">
			
			<context/><staves>
				<staff layout="unbenannt1" defaultTime="4/4">
					<context/><voices>
						<voice>
							<lyricsSettings lineDist="1.5" firstLine="5.5">
								<font height="9" face="Times New Roman"/>
							</lyricsSettings>
							<noteObjects>
								<clefSign clef="treble"/>
								<keySign fifths="-1"/>
								<rest>
									<duration base="1/4"/>
								</rest>
								<chord>
									<duration base="1/4"/>
									<lyric>
										<verse i="0">ad</verse>
									</lyric>
									<heads>
										<head pitch="B5">
											<alter step="-1"/>
										</head>
									</heads>
								</chord>
								<chord>
									<duration base="1/4"/>
									<lyric>
										<verse i="0" hyphen="true">pa</verse>
									</lyric>
									<heads>
										<head pitch="C6"/>
									</heads>
								</chord>
								<chord>
									<duration base="1/4"/>
									<lyric>
										<verse i="0" align="left">sto</verse>
									</lyric>
									<heads>
										<head pitch="D6">
											<tie begin="true"/>
										</head>
									</heads>
								</chord>
								<chord>
									<duration base="1/4"/>
									<lyric>
										<verse i="0">-</verse>
									</lyric>
									<heads>
										<head pitch="D6">
											<tie end="true"/>
										</head>
									</heads>
								</chord>
								<chord>
									<duration base="1/4"/>
									<lyric>
										<verse i="0">res</verse>
									</lyric>
									<heads>
										<head pitch="C6"/>
									</heads>
								</chord>
								<chord>
									<duration base="1/2"/>
									<lyric>
										<verse i="0" hyphen="true">a</verse>
									</lyric>
									<heads>
										<head pitch="B5">
											<alter step="-1"/>
										</head>
									</heads>
								</chord>
								<chord>
									<duration base="1/2"/>
									<lyric>
										<verse i="0">it:</verse>
									</lyric>
									<heads>
										<head pitch="A5"/>
									</heads>
								</chord>
								<chord>
									<duration base="1/2"/>
									<lyric>
										<verse i="0" hyphen="true">an</verse>
									</lyric>
									<drawObjects>
										<drawObj>
											<text y="-3" x="-1">
												<font pitchAndFamily="2" height="18" charSet="2" face="capella3"/>
												<content>f</content>
											</text>
										</drawObj>
										<drawObj>
											<text y="-3" x="-2">
												<font height="10" face="Times New Roman"/>
												<content>(    )</content>
											</text>
										</drawObj>
									</drawObjects>
									<heads>
										<head pitch="A5"/>
									</heads>
								</chord>
								<chord>
									<duration dots="1" base="1/4"/>
									<lyric>
										<verse i="0" hyphen="true">nun</verse>
									</lyric>
									<heads>
										<head pitch="D6"/>
									</heads>
								</chord>
								<chord>
									<duration base="1/8"/>
									<lyric>
										<verse i="0" hyphen="true">ti</verse>
									</lyric>
									<heads>
										<head pitch="D6"/>
									</heads>
								</chord>
								<chord>
									<duration base="1/4"/>
									<lyric>
										<verse i="0">o,</verse>
									</lyric>
									<heads>
										<head pitch="C6"/>
									</heads>
								</chord>
								<chord>
									<duration base="1/4"/>
									<lyric>
										<verse i="0" hyphen="true">an</verse>
									</lyric>
									<heads>
										<head pitch="C6"/>
									</heads>
								</chord>
								<chord>
									<duration dots="1" base="1/4"/>
									<lyric>
										<verse i="0" hyphen="true">nun</verse>
									</lyric>
									<drawObjects>
										<drawObj>
											<text y="-2.53125" x="-1.65625" align="center">
												<font height="10" face="Times New Roman"/>
												<content>10</content>
											</text>
										</drawObj>
									</drawObjects>
									<heads>
										<head pitch="F6"/>
									</heads>
								</chord>
								<chord>
									<duration base="1/8"/>
									<lyric>
										<verse i="0" hyphen="true">ti</verse>
									</lyric>
									<heads>
										<head pitch="F6"/>
									</heads>
								</chord>
								<chord>
									<duration base="1/2"/>
									<lyric>
										<verse i="0">o,</verse>
									</lyric>
									<heads>
										<head pitch="D6"/>
									</heads>
								</chord>
								<rest>
									<duration base="1/4"/>
								</rest>
								<chord>
									<duration base="1/4"/>
									<lyric>
										<verse i="0" hyphen="true">an</verse>
									</lyric>
									<heads>
										<head pitch="C6"/>
									</heads>
								</chord>
								<chord>
									<duration base="1/4"/>
									<lyric>
										<verse i="0" hyphen="true">nun</verse>
									</lyric>
									<heads>
										<head pitch="F5"/>
									</heads>
								</chord>
								<chord>
									<duration base="1/4"/>
									<lyric>
										<verse i="0" hyphen="true">ti</verse>
									</lyric>
									<heads>
										<head pitch="G5"/>
									</heads>
								</chord>
							</noteObjects>
						</voice>
					</voices>
				</staff>
				<staff layout="unbenannt2" defaultTime="4/4">
					<context/><voices>
						<voice>
							<lyricsSettings lineDist="1.5" firstLine="5.5">
								<font height="9" face="Times New Roman"/>
							</lyricsSettings>
							<noteObjects>
								<clefSign clef="treble"/>
								<keySign fifths="-1"/>
								<chord>
									<duration base="1/8"/>
									<lyric>
										<verse i="0">a</verse>
									</lyric>
									<heads>
										<head pitch="F5"/>
									</heads>
								</chord>
								<chord>
									<duration base="1/16"/>
									<lyric>
										<verse i="0" hyphen="true"/></lyric>
									<heads>
										<head pitch="E5"/>
									</heads>
								</chord>
								<chord>
									<duration base="1/16"/>
									<heads>
										<head pitch="F5"/>
									</heads>
								</chord>
								<chord>
									<duration base="1/2"/>
									<lyric>
										<verse i="0" hyphen="true"/></lyric>
									<heads>
										<head pitch="G5"/>
									</heads>
								</chord>
								<chord>
									<duration base="1/4"/>
									<heads>
										<head pitch="F5"/>
									</heads>
								</chord>
								<chord>
									<duration base="1/2"/>
									<lyric>
										<verse i="0">-</verse>
									</lyric>
									<heads>
										<head pitch="E5"/>
									</heads>
								</chord>
								<chord>
									<duration base="1/2"/>
									<lyric>
										<verse i="0" align="left" extender="true">it:</verse>
									</lyric>
									<heads>
										<head pitch="D5">
											<tie begin="true"/>
										</head>
									</heads>
								</chord>
								<chord>
									<duration base="1/2"/>
									<heads>
										<head pitch="D5">
											<tie end="true"/>
										</head>
									</heads>
								</chord>
								<rest>
									<duration base="1/4"/>
								</rest>
								<chord>
									<duration base="1/4"/>
									<lyric>
										<verse i="0" hyphen="true">an</verse>
									</lyric>
									<drawObjects>
										<drawObj>
											<text y="-3" x="-1">
												<font pitchAndFamily="2" height="18" charSet="2" face="capella3"/>
												<content>f</content>
											</text>
										</drawObj>
										<drawObj>
											<text y="-3" x="-2">
												<font height="10" face="Times New Roman"/>
												<content>(    )</content>
											</text>
										</drawObj>
									</drawObjects>
									<heads>
										<head pitch="F5"/>
									</heads>
								</chord>
								<chord>
									<duration dots="1" base="1/4"/>
									<lyric>
										<verse i="0" hyphen="true">nun</verse>
									</lyric>
									<heads>
										<head pitch="B5">
											<alter step="-1"/>
										</head>
									</heads>
								</chord>
								<chord>
									<duration base="1/8"/>
									<lyric>
										<verse i="0" hyphen="true">ti</verse>
									</lyric>
									<heads>
										<head pitch="B5">
											<alter step="-1"/>
										</head>
									</heads>
								</chord>
								<chord>
									<duration base="1/2"/>
									<lyric>
										<verse i="0">o,</verse>
									</lyric>
									<heads>
										<head pitch="A5"/>
									</heads>
								</chord>
								<rest>
									<duration base="1/4"/>
								</rest>
								<chord>
									<duration base="1/4"/>
									<lyric>
										<verse i="0" hyphen="true">an</verse>
									</lyric>
									<heads>
										<head pitch="A5"/>
									</heads>
								</chord>
								<chord>
									<duration dots="1" base="1/4"/>
									<lyric>
										<verse i="0" hyphen="true">nun</verse>
									</lyric>
									<heads>
										<head pitch="B5">
											<alter step="-1"/>
										</head>
									</heads>
								</chord>
								<chord>
									<duration base="1/8"/>
									<lyric>
										<verse i="0" hyphen="true">ti</verse>
									</lyric>
									<heads>
										<head pitch="B5">
											<alter step="-1"/>
										</head>
									</heads>
								</chord>
								<chord>
									<duration base="1/4"/>
									<lyric>
										<verse i="0">o,</verse>
									</lyric>
									<heads>
										<head pitch="A5"/>
									</heads>
								</chord>
								<chord>
									<duration base="1/4"/>
									<lyric>
										<verse i="0" hyphen="true">an</verse>
									</lyric>
									<heads>
										<head pitch="A5"/>
									</heads>
								</chord>
								<chord>
									<duration dots="1" base="1/4"/>
									<lyric>
										<verse i="0" hyphen="true">nun</verse>
									</lyric>
									<heads>
										<head pitch="D6"/>
									</heads>
								</chord>
								<chord>
									<duration base="1/8"/>
									<lyric>
										<verse i="0" hyphen="true">ti</verse>
									</lyric>
									<heads>
										<head pitch="D6"/>
									</heads>
								</chord>
							</noteObjects>
						</voice>
					</voices>
				</staff>
				<staff layout="unbenannt3" defaultTime="4/4">
					<context/><voices>
						<voice>
							<lyricsSettings lineDist="1.5" firstLine="5.5">
								<font height="9" face="Times New Roman"/>
							</lyricsSettings>
							<noteObjects>
								<clefSign clef="G2-"/>
								<keySign fifths="-1"/>
								<chord>
									<duration base="1/2"/>
									<lyric>
										<verse i="0" hyphen="true">a</verse>
									</lyric>
									<heads>
										<head pitch="B4">
											<alter step="-1"/>
										</head>
									</heads>
								</chord>
								<chord>
									<duration base="1/2"/>
									<lyric>
										<verse i="0" align="left" extender="true">it:</verse>
									</lyric>
									<heads>
										<head pitch="A4">
											<tie begin="true"/>
										</head>
									</heads>
								</chord>
								<chord>
									<duration base="1/2"/>
									<heads>
										<head pitch="A4">
											<tie end="true"/>
										</head>
									</heads>
								</chord>
								<rest>
									<duration base="1/4"/>
								</rest>
								<chord>
									<duration base="1/4"/>
									<lyric>
										<verse i="0" hyphen="true">an</verse>
									</lyric>
									<heads>
										<head pitch="B4">
											<alter step="-1"/>
										</head>
									</heads>
								</chord>
								<chord>
									<duration dots="1" base="1/4"/>
									<lyric>
										<verse i="0" hyphen="true">nun</verse>
									</lyric>
									<heads>
										<head pitch="F5"/>
									</heads>
								</chord>
								<chord>
									<duration base="1/8"/>
									<lyric>
										<verse i="0" hyphen="true">ti</verse>
									</lyric>
									<heads>
										<head pitch="F5"/>
									</heads>
								</chord>
								<chord>
									<duration base="1/2"/>
									<lyric>
										<verse i="0">o,</verse>
									</lyric>
									<heads>
										<head pitch="D5"/>
									</heads>
								</chord>
								<rest>
									<duration base="1/4"/>
								</rest>
								<chord>
									<duration base="1/4"/>
									<lyric>
										<verse i="0" hyphen="true">an</verse>
									</lyric>
									<drawObjects>
										<drawObj>
											<text y="-2" x="-1">
												<font pitchAndFamily="2" height="18" charSet="2" face="capella3"/>
												<content>f</content>
											</text>
										</drawObj>
										<drawObj>
											<text y="-2" x="-2">
												<font height="10" face="Times New Roman"/>
												<content>(    )</content>
											</text>
										</drawObj>
									</drawObjects>
									<heads>
										<head pitch="B4">
											<alter step="-1"/>
										</head>
									</heads>
								</chord>
								<chord>
									<duration dots="1" base="1/4"/>
									<lyric>
										<verse i="0" hyphen="true">nun</verse>
									</lyric>
									<heads>
										<head pitch="F5"/>
									</heads>
								</chord>
								<chord>
									<duration base="1/8"/>
									<lyric>
										<verse i="0" hyphen="true">to</verse>
									</lyric>
									<heads>
										<head pitch="F5"/>
									</heads>
								</chord>
								<chord>
									<duration base="1/2"/>
									<lyric>
										<verse i="0">o</verse>
									</lyric>
									<heads>
										<head pitch="D5"/>
									</heads>
								</chord>
								<chord>
									<duration base="1/2"/>
									<lyric>
										<verse i="0" hyphen="true">vo</verse>
									</lyric>
									<heads>
										<head pitch="G5"/>
									</heads>
								</chord>
								<chord>
									<duration base="1/4"/>
									<lyric>
										<verse i="0">bis,</verse>
									</lyric>
									<heads>
										<head pitch="F5"/>
									</heads>
								</chord>
								<chord>
									<duration base="1/4"/>
									<lyric>
										<verse i="0" hyphen="true">an</verse>
									</lyric>
									<heads>
										<head pitch="F4"/>
									</heads>
								</chord>
								<chord>
									<duration dots="1" base="1/4"/>
									<lyric>
										<verse i="0" hyphen="true">nun</verse>
									</lyric>
									<heads>
										<head pitch="B4">
											<alter step="-1"/>
										</head>
									</heads>
								</chord>
								<chord>
									<duration base="1/8"/>
									<lyric>
										<verse i="0" hyphen="true">ti</verse>
									</lyric>
									<heads>
										<head pitch="B4">
											<alter step="-1"/>
										</head>
									</heads>
								</chord>
							</noteObjects>
						</voice>
					</voices>
				</staff>
				<staff layout="unbenannt4" defaultTime="4/4">
					<context/><voices>
						<voice stemDir="up">
							<lyricsSettings lineDist="1.5" firstLine="5">
								<font height="12" face="Times New Roman"/>
							</lyricsSettings>
							<noteObjects>
								<clefSign clef="treble"/>
								<keySign fifths="-1"/>
								<rest>
									<duration base="1/4"/>
								</rest>
								<chord>
									<duration base="1/4"/>
									<heads>
										<head pitch="B5">
											<alter step="-1"/>
										</head>
									</heads>
								</chord>
								<chord>
									<duration base="1/4"/>
									<heads>
										<head pitch="C6"/>
									</heads>
								</chord>
								<chord>
									<duration base="1/4"/>
									<heads>
										<head pitch="D6">
											<tie begin="true"/>
										</head>
									</heads>
								</chord>
								<chord>
									<duration base="1/4"/>
									<heads>
										<head pitch="D6">
											<tie end="true"/>
										</head>
									</heads>
								</chord>
								<chord>
									<duration base="1/4"/>
									<heads>
										<head pitch="C6"/>
									</heads>
								</chord>
								<chord>
									<duration base="1/2"/>
									<heads>
										<head pitch="B5">
											<alter step="-1"/>
										</head>
									</heads>
								</chord>
								<chord>
									<duration base="1/2"/>
									<heads>
										<head pitch="A5"/>
									</heads>
								</chord>
								<chord>
									<duration base="1/2"/>
									<heads>
										<head pitch="A5"/>
									</heads>
								</chord>
								<chord>
									<duration dots="1" base="1/4"/>
									<heads>
										<head pitch="D6"/>
									</heads>
								</chord>
								<chord>
									<duration base="1/8"/>
									<heads>
										<head pitch="D6"/>
									</heads>
								</chord>
								<chord>
									<duration base="1/4"/>
									<heads>
										<head pitch="C6"/>
									</heads>
								</chord>
								<chord>
									<duration base="1/4"/>
									<heads>
										<head pitch="C6"/>
									</heads>
								</chord>
								<chord>
									<duration dots="1" base="1/4"/>
									<heads>
										<head pitch="F6"/>
									</heads>
								</chord>
								<chord>
									<duration base="1/8"/>
									<heads>
										<head pitch="F6"/>
									</heads>
								</chord>
								<chord>
									<duration base="1/2"/>
									<heads>
										<head pitch="D6"/>
									</heads>
								</chord>
								<rest>
									<duration base="1/4"/>
									<verticalPos shift="1"/>
								</rest>
								<chord>
									<duration base="1/4"/>
									<heads>
										<head pitch="C6"/>
									</heads>
								</chord>
								<chord>
									<duration base="1/4"/>
									<heads>
										<head pitch="F5"/>
									</heads>
								</chord>
								<chord>
									<duration base="1/4"/>
									<heads>
										<head pitch="G5"/>
									</heads>
								</chord>
							</noteObjects>
						</voice>
						<voice stemDir="down">
							<lyricsSettings lineDist="1.5" firstLine="5">
								<font height="12" face="Times New Roman"/>
							</lyricsSettings>
							<noteObjects>
								<clefSign clef="treble"/>
								<keySign fifths="-1"/>
								<chord>
									<duration base="1/8"/>
									<heads>
										<head pitch="F5"/>
									</heads>
								</chord>
								<chord>
									<duration base="1/16"/>
									<heads>
										<head pitch="E5"/>
									</heads>
								</chord>
								<chord>
									<duration base="1/16"/>
									<heads>
										<head pitch="F5"/>
									</heads>
								</chord>
								<chord>
									<duration base="1/2"/>
									<heads>
										<head pitch="G5"/>
									</heads>
								</chord>
								<chord>
									<duration base="1/4"/>
									<heads>
										<head pitch="F5"/>
									</heads>
								</chord>
								<chord>
									<duration base="1/2"/>
									<heads>
										<head pitch="E5"/>
									</heads>
								</chord>
								<chord>
									<duration base="1/2"/>
									<heads>
										<head pitch="D5">
											<tie begin="true"/>
										</head>
									</heads>
								</chord>
								<chord>
									<duration base="1/2"/>
									<heads>
										<head pitch="D5">
											<tie end="true"/>
										</head>
									</heads>
								</chord>
								<rest>
									<duration base="1/4"/>
									<verticalPos shift="-2"/>
								</rest>
								<chord>
									<duration base="1/4"/>
									<heads>
										<head pitch="F5"/>
									</heads>
								</chord>
								<chord>
									<duration dots="1" base="1/4"/>
									<heads>
										<head pitch="B5">
											<alter step="-1"/>
										</head>
									</heads>
								</chord>
								<chord>
									<duration base="1/8"/>
									<heads>
										<head pitch="B5">
											<alter step="-1"/>
										</head>
									</heads>
								</chord>
								<chord>
									<duration base="1/2"/>
									<heads>
										<head pitch="A5"/>
									</heads>
								</chord>
								<rest>
									<duration base="1/4"/>
								</rest>
								<chord>
									<duration base="1/4"/>
									<heads>
										<head pitch="A5"/>
									</heads>
								</chord>
								<chord>
									<duration dots="1" base="1/4"/>
									<heads>
										<head pitch="B5">
											<alter step="-1"/>
										</head>
									</heads>
								</chord>
								<chord>
									<duration base="1/8"/>
									<heads>
										<head pitch="B5">
											<alter step="-1"/>
										</head>
									</heads>
								</chord>
								<chord>
									<duration base="1/4"/>
									<heads>
										<head pitch="A5"/>
									</heads>
								</chord>
								<chord>
									<duration base="1/4"/>
									<heads>
										<head pitch="A5"/>
									</heads>
								</chord>
								<chord>
									<duration dots="1" base="1/4"/>
									<display xShift="-1.25"/>
									<heads>
										<head pitch="D6"/>
									</heads>
								</chord>
								<chord>
									<duration base="1/8"/>
									<heads>
										<head pitch="D6"/>
									</heads>
								</chord>
							</noteObjects>
						</voice>
					</voices>
				</staff>
				<staff layout="unbenannt5" defaultTime="4/4">
					<context/><voices>
						<voice>
							<lyricsSettings lineDist="1.5" firstLine="5">
								<font height="12" face="Times New Roman"/>
							</lyricsSettings>
							<noteObjects>
								<clefSign clef="bass"/>
								<keySign fifths="-1"/>
								<chord>
									<duration base="1/2"/>
									<heads>
										<head pitch="B4">
											<alter step="-1"/>
										</head>
									</heads>
								</chord>
								<chord>
									<duration base="1/2"/>
									<heads>
										<head pitch="A4">
											<tie begin="true"/>
										</head>
									</heads>
								</chord>
								<chord>
									<duration base="1/2"/>
									<heads>
										<head pitch="A4">
											<tie end="true"/>
										</head>
									</heads>
								</chord>
								<rest>
									<duration base="1/4"/>
								</rest>
								<chord>
									<duration base="1/4"/>
									<heads>
										<head pitch="B4">
											<alter step="-1"/>
										</head>
									</heads>
								</chord>
								<chord>
									<duration dots="1" base="1/4"/>
									<heads>
										<head pitch="F5"/>
									</heads>
								</chord>
								<chord>
									<duration base="1/8"/>
									<heads>
										<head pitch="F5"/>
									</heads>
								</chord>
								<chord>
									<duration base="1/2"/>
									<heads>
										<head pitch="D5"/>
									</heads>
								</chord>
								<rest>
									<duration base="1/4"/>
								</rest>
								<chord>
									<duration base="1/4"/>
									<heads>
										<head pitch="B4">
											<alter step="-1"/>
										</head>
									</heads>
								</chord>
								<chord>
									<duration dots="1" base="1/4"/>
									<heads>
										<head pitch="F5"/>
									</heads>
								</chord>
								<chord>
									<duration base="1/8"/>
									<heads>
										<head pitch="F5"/>
									</heads>
								</chord>
								<chord>
									<duration base="1/2"/>
									<heads>
										<head pitch="D5"/>
									</heads>
								</chord>
								<chord>
									<duration base="1/2"/>
									<heads>
										<head pitch="G5"/>
									</heads>
								</chord>
								<chord>
									<duration base="1/4"/>
									<heads>
										<head pitch="F5"/>
									</heads>
								</chord>
								<chord>
									<duration base="1/4"/>
									<heads>
										<head pitch="F4"/>
									</heads>
								</chord>
								<chord>
									<duration dots="1" base="1/4"/>
									<heads>
										<head pitch="B4">
											<alter step="-1"/>
										</head>
									</heads>
								</chord>
								<chord>
									<duration base="1/8"/>
									<heads>
										<head pitch="B4">
											<alter step="-1"/>
										</head>
									</heads>
								</chord>
							</noteObjects>
						</voice>
					</voices>
				</staff>
			</staves>
		</system>
	</systems>
</score>
</piece>
</smr>
