<?xml version="1.0" encoding="ISO-8859-1" standalone="yes"?>
<smr>
<piece>
<score>
	<layout>
		<pages top="20" right="20" bottom="20" left="20"/>
		<distances>
			<staffLines small="1.2" pageObj="1.8" normal="1.24"/>
			<systems top="0" between="0"/>
		</distances>
		<instrumentNames>
			<font height="8" face="Times New Roman"/>
		</instrumentNames>
		<staves>
			<staffLayout description="unbenannt1">
				<notation defaultClef="P3" notelines="1">
					<barlines to="7" from="3"/>
				</notation>
				<distances top="5" bottom="4"/>
				<instrument abbrev="" name=""/>
				<sound volume="127" percussion="true" instr="0"/>
			</staffLayout>
			<staffLayout description="Perc 1">
				<notation defaultClef="P3">
					<barlines to="7" from="3"/>
				</notation>
				<distances top="5" bottom="4"/>
				<instrument abbrev="Perc 1" name="Perc 1"/>
				<sound volume="127" percussion="true" instr="0"/>
			</staffLayout>
			<staffLayout description="unbenannt3">
				<notation defaultClef="P3" notelines="1">
					<barlines to="7" from="3"/>
				</notation>
				<distances top="5" bottom="4"/>
				<instrument abbrev="" name=""/>
				<sound volume="127" percussion="true" instr="0"/>
			</staffLayout>
			<staffLayout description="Perc 2">
				<notation defaultClef="P3">
					<barlines to="7" from="3"/>
				</notation>
				<distances top="5" bottom="4"/>
				<instrument abbrev="Perc 2" name="Perc 2"/>
				<sound volume="127" percussion="true" instr="0"/>
			</staffLayout>
			<staffLayout description="unbenannt6">
				<notation defaultClef="P3" notelines="1">
					<barlines to="7" from="3"/>
				</notation>
				<distances top="5" bottom="4"/>
				<instrument abbrev="" name=""/>
				<sound volume="127" percussion="true" instr="0"/>
			</staffLayout>
			<staffLayout description="Perc 3">
				<notation defaultClef="P3">
					<barlines to="7" from="3"/>
				</notation>
				<distances top="5" bottom="4"/>
				<instrument abbrev="Perc 3" name="Perc 3"/>
				<sound volume="127" percussion="true" instr="0"/>
			</staffLayout>
			<staffLayout description="unbenannt8">
				<notation defaultClef="P3" notelines="1">
					<barlines to="7" from="3"/>
				</notation>
				<distances top="5" bottom="4"/>
				<instrument abbrev="" name=""/>
				<sound volume="127" percussion="true" instr="0"/>
			</staffLayout>
			<staffLayout description="Perc 4">
				<notation defaultClef="P3">
					<barlines to="7" from="3" mode="internal"/>
				</notation>
				<distances top="5" bottom="4"/>
				<instrument abbrev="Perc 4" name="Perc 4"/>
				<sound volume="127" percussion="true" instr="0"/>
			</staffLayout>
		</staves>
		<brackets>
			<bracket to="7" from="0"/>
		</brackets>
		<spacing abs="16" rel="75"/>
		<beamFlattening to="29" toMax="55" from="49" fromMax="148"/>
	</layout>
	<systems>
		<system justified="true" instrNotation="long">
			<context/><staves>
				<staff layout="unbenannt1" defaultTime="4/4">
					<context/><voices>
						<voice>
							<lyricsSettings lineDist="1.5" firstLine="5">
								<font height="12" face="Times New Roman"/>
							</lyricsSettings>
							<noteObjects>
								<clefSign clef="P3"/>
								<rest>
									<duration dots="1" base="1/4"/>
								</rest>
								<chord>
									<duration base="1/8"/>
									<heads>
										<head shape="triangle" pitch="B5"/>
									</heads>
								</chord>
								<rest>
									<duration base="1/8"/>
								</rest>
								<chord>
									<duration base="1/8"/>
									<heads>
										<head shape="triangle" pitch="B5"/>
									</heads>
								</chord>
								<rest>
									<duration base="1/4"/>
								</rest>
								<rest>
									<duration dots="1" base="1/4"/>
								</rest>
								<chord>
									<duration base="1/8"/>
									<heads>
										<head shape="triangle" pitch="B5"/>
									</heads>
								</chord>
								<rest>
									<duration base="1/8"/>
								</rest>
								<chord>
									<duration base="1/8"/>
									<heads>
										<head shape="triangle" pitch="B5"/>
									</heads>
								</chord>
								<rest>
									<duration base="1/4"/>
								</rest>
								<rest>
									<duration dots="1" base="1/4"/>
								</rest>
								<chord>
									<duration base="1/8"/>
									<heads>
										<head shape="triangle" pitch="B5"/>
									</heads>
								</chord>
								<rest>
									<duration base="1/8"/>
								</rest>
								<chord>
									<duration base="1/8"/>
									<heads>
										<head shape="triangle" pitch="B5"/>
									</heads>
								</chord>
								<rest>
									<duration base="1/4"/>
								</rest>
								<rest>
									<duration dots="1" base="1/4"/>
								</rest>
								<chord>
									<duration base="1/8"/>
									<heads>
										<head shape="triangle" pitch="B5"/>
									</heads>
								</chord>
								<rest>
									<duration base="1/8"/>
								</rest>
								<chord>
									<duration base="1/8"/>
									<heads>
										<head shape="triangle" pitch="B5"/>
									</heads>
								</chord>
								<rest>
									<duration base="1/4"/>
								</rest>
							</noteObjects>
						</voice>
					</voices>
				</staff>
				<staff layout="Perc 1" defaultTime="4/4">
					<context/><voices>
						<voice>
							<lyricsSettings lineDist="1.5" firstLine="5">
								<font height="12" face="Times New Roman"/>
							</lyricsSettings>
							<noteObjects>
								<clefSign clef="P3"/>
								<rest>
									<duration base="1/4"/>
								</rest>
								<rest>
									<duration base="1/8"/>
								</rest>
								<chord>
									<duration base="1/8"/>
									<heads>
										<head pitch="B5"/>
									</heads>
								</chord>
								<rest>
									<duration base="1/8"/>
								</rest>
								<chord>
									<duration base="1/8"/>
									<heads>
										<head pitch="B5"/>
									</heads>
								</chord>
								<rest>
									<duration base="1/8"/>
								</rest>
								<chord>
									<duration base="1/8"/>
									<heads>
										<head pitch="B5"/>
									</heads>
								</chord>
								<rest>
									<duration base="1/4"/>
								</rest>
								<rest>
									<duration base="1/8"/>
								</rest>
								<chord>
									<duration base="1/8"/>
									<heads>
										<head pitch="B5"/>
									</heads>
								</chord>
								<rest>
									<duration base="1/8"/>
								</rest>
								<chord>
									<duration base="1/8"/>
									<heads>
										<head pitch="B5"/>
									</heads>
								</chord>
								<rest>
									<duration base="1/8"/>
								</rest>
								<chord>
									<duration base="1/8"/>
									<heads>
										<head pitch="B5"/>
									</heads>
								</chord>
								<rest>
									<duration base="1/4"/>
								</rest>
								<rest>
									<duration base="1/8"/>
								</rest>
								<chord>
									<duration base="1/8"/>
									<heads>
										<head pitch="B5"/>
									</heads>
								</chord>
								<rest>
									<duration base="1/8"/>
								</rest>
								<chord>
									<duration base="1/8"/>
									<heads>
										<head pitch="B5"/>
									</heads>
								</chord>
								<rest>
									<duration base="1/8"/>
								</rest>
								<chord>
									<duration base="1/8"/>
									<heads>
										<head pitch="B5"/>
									</heads>
								</chord>
								<rest>
									<duration base="1/4"/>
								</rest>
								<rest>
									<duration base="1/8"/>
								</rest>
								<chord>
									<duration base="1/8"/>
									<heads>
										<head pitch="B5"/>
									</heads>
								</chord>
								<rest>
									<duration base="1/8"/>
								</rest>
								<chord>
									<duration base="1/8"/>
									<heads>
										<head pitch="B5"/>
									</heads>
								</chord>
								<rest>
									<duration base="1/8"/>
								</rest>
								<chord>
									<duration base="1/8"/>
									<heads>
										<head pitch="B5"/>
									</heads>
								</chord>
							</noteObjects>
						</voice>
					</voices>
				</staff>
				<staff layout="unbenannt3" defaultTime="4/4">
					<context/><voices>
						<voice>
							<lyricsSettings lineDist="1.5" firstLine="5">
								<font height="12" face="Times New Roman"/>
							</lyricsSettings>
							<noteObjects>
								<clefSign clef="P3"/>
								<chord>
									<duration base="1/4"/>
									<heads>
										<head shape="triangle" pitch="B5"/>
									</heads>
								</chord>
								<rest>
									<duration base="1/4"/>
								</rest>
								<chord>
									<duration base="1/4"/>
									<heads>
										<head shape="triangle" pitch="B5"/>
									</heads>
								</chord>
								<rest>
									<duration base="1/4"/>
								</rest>
								<chord>
									<duration base="1/4"/>
									<heads>
										<head shape="triangle" pitch="B5"/>
									</heads>
								</chord>
								<rest>
									<duration base="1/4"/>
								</rest>
								<chord>
									<duration base="1/4"/>
									<heads>
										<head shape="triangle" pitch="B5"/>
									</heads>
								</chord>
								<rest>
									<duration base="1/4"/>
								</rest>
								<chord>
									<duration base="1/4"/>
									<heads>
										<head shape="triangle" pitch="B5"/>
									</heads>
								</chord>
								<rest>
									<duration base="1/4"/>
								</rest>
								<chord>
									<duration base="1/4"/>
									<heads>
										<head shape="triangle" pitch="B5"/>
									</heads>
								</chord>
								<rest>
									<duration base="1/4"/>
								</rest>
								<chord>
									<duration base="1/4"/>
									<heads>
										<head shape="triangle" pitch="B5"/>
									</heads>
								</chord>
								<rest>
									<duration base="1/4"/>
								</rest>
								<chord>
									<duration base="1/4"/>
									<heads>
										<head shape="triangle" pitch="B5"/>
									</heads>
								</chord>
								<rest>
									<duration base="1/4"/>
								</rest>
							</noteObjects>
						</voice>
					</voices>
				</staff>
				<staff layout="Perc 2" defaultTime="4/4">
					<context/><voices>
						<voice>
							<lyricsSettings lineDist="1.5" firstLine="5">
								<font height="12" face="Times New Roman"/>
							</lyricsSettings>
							<noteObjects>
								<clefSign clef="P3"/>
								<rest>
									<duration base="1/8"/>
								</rest>
								<chord>
									<duration base="1/8"/>
									<heads>
										<head pitch="B5"/>
									</heads>
								</chord>
								<rest>
									<duration base="1/8"/>
								</rest>
								<chord>
									<duration base="1/8"/>
									<heads>
										<head pitch="B5"/>
									</heads>
								</chord>
								<chord>
									<duration base="1/4"/>
									<heads>
										<head pitch="C5"/>
									</heads>
								</chord>
								<rest>
									<duration base="1/4"/>
								</rest>
								<rest>
									<duration base="1/8"/>
								</rest>
								<chord>
									<duration base="1/8"/>
									<heads>
										<head pitch="B5"/>
									</heads>
								</chord>
								<rest>
									<duration base="1/8"/>
								</rest>
								<chord>
									<duration base="1/8"/>
									<heads>
										<head pitch="B5"/>
									</heads>
								</chord>
								<chord>
									<duration base="1/4"/>
									<heads>
										<head pitch="C5"/>
									</heads>
								</chord>
								<rest>
									<duration base="1/4"/>
								</rest>
								<rest>
									<duration base="1/8"/>
								</rest>
								<chord>
									<duration base="1/8"/>
									<heads>
										<head pitch="B5"/>
									</heads>
								</chord>
								<rest>
									<duration base="1/8"/>
								</rest>
								<chord>
									<duration base="1/8"/>
									<heads>
										<head pitch="B5"/>
									</heads>
								</chord>
								<chord>
									<duration base="1/4"/>
									<heads>
										<head pitch="C5"/>
									</heads>
								</chord>
								<rest>
									<duration base="1/4"/>
								</rest>
								<rest>
									<duration base="1/8"/>
								</rest>
								<chord>
									<duration base="1/8"/>
									<heads>
										<head pitch="B5"/>
									</heads>
								</chord>
								<rest>
									<duration base="1/8"/>
								</rest>
								<chord>
									<duration base="1/8"/>
									<heads>
										<head pitch="B5"/>
									</heads>
								</chord>
								<chord>
									<duration base="1/4"/>
									<heads>
										<head pitch="C5"/>
									</heads>
								</chord>
								<rest>
									<duration base="1/4"/>
								</rest>
							</noteObjects>
						</voice>
					</voices>
				</staff>
				<staff layout="unbenannt6" defaultTime="4/4">
					<context/><voices>
						<voice>
							<lyricsSettings lineDist="1.5" firstLine="5">
								<font height="12" face="Times New Roman"/>
							</lyricsSettings>
							<noteObjects>
								<clefSign clef="P3"/>
								<rest>
									<duration dots="1" base="1/2"/>
								</rest>
								<chord>
									<duration base="1/16"/>
									<heads>
										<head shape="triangle" pitch="B5"/>
									</heads>
								</chord>
								<chord>
									<duration dots="1" base="1/8"/>
									<heads>
										<head shape="triangle" pitch="B5"/>
									</heads>
								</chord>
								<rest>
									<duration dots="1" base="1/2"/>
								</rest>
								<chord>
									<duration base="1/16"/>
									<heads>
										<head shape="triangle" pitch="B5"/>
									</heads>
								</chord>
								<chord>
									<duration dots="1" base="1/8"/>
									<heads>
										<head shape="triangle" pitch="B5"/>
									</heads>
								</chord>
								<rest>
									<duration dots="1" base="1/2"/>
								</rest>
								<chord>
									<duration base="1/16"/>
									<heads>
										<head shape="triangle" pitch="B5"/>
									</heads>
								</chord>
								<chord>
									<duration dots="1" base="1/8"/>
									<heads>
										<head shape="triangle" pitch="B5"/>
									</heads>
								</chord>
								<rest>
									<duration dots="1" base="1/2"/>
								</rest>
								<chord>
									<duration base="1/16"/>
									<heads>
										<head shape="triangle" pitch="B5"/>
									</heads>
								</chord>
								<chord>
									<duration dots="1" base="1/8"/>
									<heads>
										<head shape="triangle" pitch="B5"/>
									</heads>
								</chord>
							</noteObjects>
						</voice>
					</voices>
				</staff>
				<staff layout="Perc 3" defaultTime="4/4">
					<context/><voices>
						<voice>
							<lyricsSettings lineDist="1.5" firstLine="5">
								<font height="12" face="Times New Roman"/>
							</lyricsSettings>
							<noteObjects>
								<clefSign clef="P3"/>
								<rest>
									<duration base="1/4"/>
								</rest>
								<chord>
									<duration base="1/8">
										<tuplet count="3"/>
									</duration>
									<drawObjects>
										<drawObj>
											<bracket y1="-2.5" x2="1" x1="0" y2="-2.5" number="3"/>
											<basic noteRange="2"/>
										</drawObj>
									</drawObjects>
									<heads>
										<head pitch="C5"/>
									</heads>
								</chord>
								<chord>
									<duration base="1/8">
										<tuplet count="3"/>
									</duration>
									<heads>
										<head pitch="C5"/>
									</heads>
								</chord>
								<chord>
									<duration base="1/8">
										<tuplet count="3"/>
									</duration>
									<heads>
										<head pitch="C5"/>
									</heads>
								</chord>
								<rest>
									<duration base="1/4"/>
								</rest>
								<chord>
									<duration base="1/8">
										<tuplet count="3"/>
									</duration>
									<drawObjects>
										<drawObj>
											<bracket y1="-2.5" x2="1" x1="0" y2="-2.5" number="3"/>
											<basic noteRange="2"/>
										</drawObj>
									</drawObjects>
									<heads>
										<head pitch="C5"/>
									</heads>
								</chord>
								<chord>
									<duration base="1/8">
										<tuplet count="3"/>
									</duration>
									<heads>
										<head pitch="C5"/>
									</heads>
								</chord>
								<chord>
									<duration base="1/8">
										<tuplet count="3"/>
									</duration>
									<heads>
										<head pitch="C5"/>
									</heads>
								</chord>
								<rest>
									<duration base="1/4"/>
								</rest>
								<chord>
									<duration base="1/8">
										<tuplet count="3"/>
									</duration>
									<drawObjects>
										<drawObj>
											<bracket y1="-2.5" x2="1" x1="0" y2="-2.5" number="3"/>
											<basic noteRange="2"/>
										</drawObj>
									</drawObjects>
									<heads>
										<head pitch="C5"/>
									</heads>
								</chord>
								<chord>
									<duration base="1/8">
										<tuplet count="3"/>
									</duration>
									<heads>
										<head pitch="C5"/>
									</heads>
								</chord>
								<chord>
									<duration base="1/8">
										<tuplet count="3"/>
									</duration>
									<heads>
										<head pitch="C5"/>
									</heads>
								</chord>
								<rest>
									<duration base="1/4"/>
								</rest>
								<chord>
									<duration base="1/8">
										<tuplet count="3"/>
									</duration>
									<drawObjects>
										<drawObj>
											<bracket y1="-2.5" x2="1" x1="0" y2="-2.5" number="3"/>
											<basic noteRange="2"/>
										</drawObj>
									</drawObjects>
									<heads>
										<head pitch="C5"/>
									</heads>
								</chord>
								<chord>
									<duration base="1/8">
										<tuplet count="3"/>
									</duration>
									<heads>
										<head pitch="C5"/>
									</heads>
								</chord>
								<chord>
									<duration base="1/8">
										<tuplet count="3"/>
									</duration>
									<heads>
										<head pitch="C5"/>
									</heads>
								</chord>
								<rest>
									<duration base="1/4"/>
								</rest>
								<chord>
									<duration base="1/8">
										<tuplet count="3"/>
									</duration>
									<drawObjects>
										<drawObj>
											<bracket y1="-2.5" x2="1" x1="0" y2="-2.5" number="3"/>
											<basic noteRange="2"/>
										</drawObj>
									</drawObjects>
									<heads>
										<head pitch="C5"/>
									</heads>
								</chord>
								<chord>
									<duration base="1/8">
										<tuplet count="3"/>
									</duration>
									<heads>
										<head pitch="C5"/>
									</heads>
								</chord>
								<chord>
									<duration base="1/8">
										<tuplet count="3"/>
									</duration>
									<heads>
										<head pitch="C5"/>
									</heads>
								</chord>
								<rest>
									<duration base="1/4"/>
								</rest>
								<chord>
									<duration base="1/8">
										<tuplet count="3"/>
									</duration>
									<drawObjects>
										<drawObj>
											<bracket y1="-2.5" x2="1" x1="0" y2="-2.5" number="3"/>
											<basic noteRange="2"/>
										</drawObj>
									</drawObjects>
									<heads>
										<head pitch="C5"/>
									</heads>
								</chord>
								<chord>
									<duration base="1/8">
										<tuplet count="3"/>
									</duration>
									<heads>
										<head pitch="C5"/>
									</heads>
								</chord>
								<chord>
									<duration base="1/8">
										<tuplet count="3"/>
									</duration>
									<heads>
										<head pitch="C5"/>
									</heads>
								</chord>
								<rest>
									<duration base="1/4"/>
								</rest>
								<chord>
									<duration base="1/8">
										<tuplet count="3"/>
									</duration>
									<drawObjects>
										<drawObj>
											<bracket y1="-2.5" x2="1" x1="0" y2="-2.5" number="3"/>
											<basic noteRange="2"/>
										</drawObj>
									</drawObjects>
									<heads>
										<head pitch="C5"/>
									</heads>
								</chord>
								<chord>
									<duration base="1/8">
										<tuplet count="3"/>
									</duration>
									<heads>
										<head pitch="C5"/>
									</heads>
								</chord>
								<chord>
									<duration base="1/8">
										<tuplet count="3"/>
									</duration>
									<heads>
										<head pitch="C5"/>
									</heads>
								</chord>
								<rest>
									<duration base="1/4"/>
								</rest>
								<chord>
									<duration base="1/8">
										<tuplet count="3"/>
									</duration>
									<drawObjects>
										<drawObj>
											<bracket y1="-2.5" x2="1" x1="0" y2="-2.5" number="3"/>
											<basic noteRange="2"/>
										</drawObj>
									</drawObjects>
									<heads>
										<head pitch="C5"/>
									</heads>
								</chord>
								<chord>
									<duration base="1/8">
										<tuplet count="3"/>
									</duration>
									<heads>
										<head pitch="C5"/>
									</heads>
								</chord>
								<chord>
									<duration base="1/8">
										<tuplet count="3"/>
									</duration>
									<heads>
										<head pitch="C5"/>
									</heads>
								</chord>
							</noteObjects>
						</voice>
					</voices>
				</staff>
				<staff layout="unbenannt8" defaultTime="4/4">
					<context/><voices>
						<voice>
							<lyricsSettings lineDist="1.5" firstLine="5">
								<font height="12" face="Times New Roman"/>
							</lyricsSettings>
							<noteObjects>
								<clefSign clef="P3"/>
								<rest>
									<duration dots="1" base="1/2"/>
								</rest>
								<chord>
									<duration base="1/4"/>
									<heads>
										<head shape="triangle" pitch="B5"/>
									</heads>
								</chord>
								<rest>
									<duration dots="1" base="1/2"/>
								</rest>
								<chord>
									<duration base="1/4"/>
									<heads>
										<head shape="triangle" pitch="B5"/>
									</heads>
								</chord>
								<rest>
									<duration dots="1" base="1/2"/>
								</rest>
								<chord>
									<duration base="1/4"/>
									<heads>
										<head shape="triangle" pitch="B5"/>
									</heads>
								</chord>
								<rest>
									<duration dots="1" base="1/2"/>
								</rest>
								<chord>
									<duration base="1/4"/>
									<heads>
										<head shape="triangle" pitch="B5"/>
									</heads>
								</chord>
							</noteObjects>
						</voice>
					</voices>
				</staff>
				<staff layout="Perc 4" defaultTime="4/4">
					<context/><voices>
						<voice>
							<lyricsSettings lineDist="1.5" firstLine="5">
								<font height="12" face="Times New Roman"/>
							</lyricsSettings>
							<noteObjects>
								<clefSign clef="P3"/>
								<chord>
									<duration base="1/16"/>
									<heads>
										<head pitch="C5"/>
									</heads>
								</chord>
								<chord>
									<duration dots="1" base="1/8"/>
									<heads>
										<head pitch="C5"/>
									</heads>
								</chord>
								<rest>
									<duration base="1/4"/>
								</rest>
								<chord>
									<duration base="1/16"/>
									<heads>
										<head pitch="C5"/>
									</heads>
								</chord>
								<chord>
									<duration dots="1" base="1/8"/>
									<heads>
										<head pitch="C5"/>
									</heads>
								</chord>
								<rest>
									<duration base="1/4"/>
								</rest>
								<chord>
									<duration base="1/16"/>
									<heads>
										<head pitch="C5"/>
									</heads>
								</chord>
								<chord>
									<duration dots="1" base="1/8"/>
									<heads>
										<head pitch="C5"/>
									</heads>
								</chord>
								<rest>
									<duration base="1/4"/>
								</rest>
								<chord>
									<duration base="1/16"/>
									<heads>
										<head pitch="C5"/>
									</heads>
								</chord>
								<chord>
									<duration dots="1" base="1/8"/>
									<heads>
										<head pitch="C5"/>
									</heads>
								</chord>
								<rest>
									<duration base="1/4"/>
								</rest>
								<chord>
									<duration base="1/16"/>
									<heads>
										<head pitch="C5"/>
									</heads>
								</chord>
								<chord>
									<duration dots="1" base="1/8"/>
									<heads>
										<head pitch="C5"/>
									</heads>
								</chord>
								<rest>
									<duration base="1/4"/>
								</rest>
								<chord>
									<duration base="1/16"/>
									<heads>
										<head pitch="C5"/>
									</heads>
								</chord>
								<chord>
									<duration dots="1" base="1/8"/>
									<heads>
										<head pitch="C5"/>
									</heads>
								</chord>
								<rest>
									<duration base="1/4"/>
								</rest>
								<chord>
									<duration base="1/16"/>
									<heads>
										<head pitch="C5"/>
									</heads>
								</chord>
								<chord>
									<duration dots="1" base="1/8"/>
									<heads>
										<head pitch="C5"/>
									</heads>
								</chord>
								<rest>
									<duration base="1/4"/>
								</rest>
								<chord>
									<duration base="1/16"/>
									<heads>
										<head pitch="C5"/>
									</heads>
								</chord>
								<chord>
									<duration dots="1" base="1/8"/>
									<heads>
										<head pitch="C5"/>
									</heads>
								</chord>
								<rest>
									<duration base="1/4"/>
								</rest>
							</noteObjects>
						</voice>
					</voices>
				</staff>
			</staves>
		</system>
	</systems>
</score>
</piece>
</smr>
