<?xml version="1.0" encoding="ISO-8859-1" standalone="yes"?>
<score xmlns="http://www.capella.de/CapXML/1.0">
	<layout>
		<pages left="20" top="20" right="20" bottom="20"/>
		<distances>
			<staffLines small="1.18" normal="1.54" pageObj="1.8"/>
			<systems top="0" between="0"/>
		</distances>
		<instrumentNames>
			<font face="Times New Roman" height="12"/>
		</instrumentNames>
		<staves>
			<staffLayout description="unbenannt1">
				<notation defaultClef="treble">
					<barlines mode="internal" from="3" to="7"/>
				</notation>
				<distances top="5" bottom="6"/>
				<instrument name="" abbrev=""/>
				<sound instr="60" volume="127" transpose="-7"/>
			</staffLayout>
		</staves>
		<spacing rel="75" abs="16"/>
		<beamFlattening from="49" to="29" fromMax="148" toMax="55"/>
	</layout>
	<systems>
		<system justified="true" instrNotation="short">
			<staves>
				<staff layout="unbenannt1" defaultTime="infinite">
					<voices>
						<voice>
							<lyricsSettings firstLine="5" lineDist="1.5">
								<font face="Times New Roman" height="12"/>
							</lyricsSettings>
							<noteObjects>
								<clefSign clef="treble"/>
								<keySign fifths="-2"/>
								<timeSign time="infinite"/>
								<chord>
									<duration base="1/4" dots="1"/>
									<drawObjects>
										<drawObj>
											<slur x1="0.75" y1="-2.5" x2="1.96875" y2="-3.25" x3="-0.4375" y3="-2.71875" x4="0.25" y4="-1.5"/>
											<basic noteRange="1"/>
										</drawObj>
									</drawObjects>
									<heads>
										<head pitch="E6">
											<alter step="-1"/>
										</head>
									</heads>
								</chord>
								<chord>
									<duration base="1/8"/>
									<heads>
										<head pitch="C6"/>
									</heads>
								</chord>
								<chord>
									<duration base="1/8"/>
									<beam group="force"/>
									<drawObjects>
										<drawObj>
											<slur x1="0.75" y1="-2.5" x2="1.8125" y2="-2.9375" x3="-0.25" y3="-2.4375" x4="0.25" y4="-1.5"/>
											<basic noteRange="1"/>
										</drawObj>
									</drawObjects>
									<heads>
										<head pitch="E6">
											<alter step="-1"/>
										</head>
									</heads>
								</chord>
								<chord>
									<duration base="1/8"/>
									<beam group="force"/>
									<heads>
										<head pitch="C6"/>
									</heads>
								</chord>
								<chord>
									<duration base="1/8"/>
									<beam group="force"/>
									<heads>
										<head pitch="E6">
											<alter step="-1"/>
										</head>
									</heads>
								</chord>
								<chord>
									<duration base="1/8"/>
									<heads>
										<head pitch="C6"/>
									</heads>
								</chord>
								<chord>
									<duration base="1/8"/>
									<beam group="force"/>
									<heads>
										<head pitch="B5">
											<alter step="-1"/>
										</head>
									</heads>
								</chord>
								<chord>
									<duration base="1/8"/>
									<heads>
										<head pitch="D6"/>
									</heads>
								</chord>
								<chord>
									<duration base="1/2"/>
									<heads>
										<head pitch="F6"/>
									</heads>
								</chord>
								<chord>
									<duration base="1/16" noDuration="true"/>
									<display small="true"/>
									<stem dir="up"/>
									<beam group="split"/>
									<drawObjects>
										<drawObj>
											<slur x1="0.53125" y1="-0.5" x2="0.875" y2="0.0625" x3="-0.125" y3="0.3125" x4="0.46875" y4="0"/>
											<basic noteRange="1"/>
										</drawObj>
									</drawObjects>
									<heads>
										<head pitch="E6">
											<alter step="-1"/>
										</head>
									</heads>
								</chord>
								<chord>
									<duration base="1/8"/>
									<beam group="force"/>
									<drawObjects>
										<drawObj>
											<slur x1="0.75" y1="-2" x2="1.96875" y2="-3" x3="-0.4375" y3="-2.375" x4="0.25" y4="-1"/>
											<basic noteRange="2"/>
										</drawObj>
									</drawObjects>
									<heads>
										<head pitch="D6"/>
									</heads>
								</chord>
								<chord>
									<duration base="1/16"/>
									<beam group="force"/>
									<heads>
										<head pitch="C6"/>
									</heads>
								</chord>
								<chord>
									<duration base="1/16"/>
									<heads>
										<head pitch="B5">
											<alter step="-1"/>
										</head>
									</heads>
								</chord>
								<chord>
									<duration base="1/1"/>
									<drawObjects>
										<drawObj>
											<slur x1="0.75" y1="0" x2="1.5625" y2="1.8125" x3="-0.875" y3="2.5625" x4="0.25" y4="1"/>
											<basic noteRange="3"/>
										</drawObj>
										<drawObj>
											<text x="0" y="-2.5">
												<font face="capella3" height="18" charSet="2" pitchAndFamily="2"/>
												<content>t</content>
											</text>
										</drawObj>
									</drawObjects>
									<heads>
										<head pitch="C6"/>
									</heads>
								</chord>
								<chord>
									<duration base="1/16" noDuration="true"/>
									<display small="true" postGrace="true"/>
									<stem dir="up"/>
									<beam group="force"/>
									<heads>
										<head pitch="B5">
											<alter step="-1"/>
										</head>
									</heads>
								</chord>
								<chord>
									<duration base="1/16" noDuration="true"/>
									<display small="true" postGrace="true"/>
									<stem dir="up"/>
									<heads>
										<head pitch="C6"/>
									</heads>
								</chord>
								<chord>
									<duration base="1/4"/>
									<heads>
										<head pitch="B5">
											<alter step="-1"/>
										</head>
									</heads>
								</chord>
								<rest>
									<duration base="1/4"/>
								</rest>
								<rest>
									<duration base="1/2"/>
								</rest>
								<rest>
									<duration base="1/1"/>
								</rest>
								<chord>
									<duration base="1/8">
										<tuplet count="3"/>
									</duration>
									<beam group="force"/>
									<drawObjects>
										<drawObj>
											<bracket x1="0" y1="-4.5" x2="1" y2="-3.5" number="3"/>
											<basic noteRange="2"/>
										</drawObj>
										<drawObj>
											<text x="-2.1875" y="-2.875" align="center">
												<font face="Times New Roman" height="16" weight="700"/>
												<content>H</content>
											</text>
										</drawObj>
									</drawObjects>
									<heads>
										<head pitch="B5">
											<alter step="-1"/>
										</head>
									</heads>
								</chord>
								<chord>
									<duration base="1/8">
										<tuplet count="3"/>
									</duration>
									<beam group="force"/>
									<heads>
										<head pitch="A5"/>
									</heads>
								</chord>
								<chord>
									<duration base="1/8">
										<tuplet count="3"/>
									</duration>
									<beam group="split"/>
									<heads>
										<head pitch="G5"/>
									</heads>
								</chord>
								<chord>
									<duration base="1/8">
										<tuplet count="3"/>
									</duration>
									<beam group="force"/>
									<drawObjects>
										<drawObj>
											<bracket x1="0" y1="-3" x2="1" y2="-4" number="3"/>
											<basic noteRange="2"/>
										</drawObj>
									</drawObjects>
									<heads>
										<head pitch="F5"/>
									</heads>
								</chord>
								<chord>
									<duration base="1/8">
										<tuplet count="3"/>
									</duration>
									<beam group="force"/>
									<heads>
										<head pitch="G5"/>
									</heads>
								</chord>
								<chord>
									<duration base="1/8">
										<tuplet count="3"/>
									</duration>
									<heads>
										<head pitch="A5"/>
									</heads>
								</chord>
								<chord>
									<duration base="1/8">
										<tuplet count="3"/>
									</duration>
									<beam group="force"/>
									<drawObjects>
										<drawObj>
											<bracket x1="0" y1="4.5" x2="1" y2="3.5" number="3"/>
											<basic noteRange="2"/>
										</drawObj>
									</drawObjects>
									<heads>
										<head pitch="B5">
											<alter step="-1"/>
										</head>
									</heads>
								</chord>
								<chord>
									<duration base="1/8">
										<tuplet count="3"/>
									</duration>
									<beam group="force"/>
									<heads>
										<head pitch="C6"/>
									</heads>
								</chord>
								<chord>
									<duration base="1/8">
										<tuplet count="3"/>
									</duration>
									<beam group="split"/>
									<heads>
										<head pitch="D6"/>
									</heads>
								</chord>
								<chord>
									<duration base="1/8">
										<tuplet count="3"/>
									</duration>
									<beam group="force"/>
									<drawObjects>
										<drawObj>
											<bracket x1="0" y1="3" x2="1" y2="4" number="3"/>
											<basic noteRange="2"/>
										</drawObj>
									</drawObjects>
									<heads>
										<head pitch="E6">
											<alter step="-1"/>
										</head>
									</heads>
								</chord>
								<chord>
									<duration base="1/8">
										<tuplet count="3"/>
									</duration>
									<beam group="force"/>
									<heads>
										<head pitch="D6"/>
									</heads>
								</chord>
								<chord>
									<duration base="1/8">
										<tuplet count="3"/>
									</duration>
									<heads>
										<head pitch="C6"/>
									</heads>
								</chord>
							</noteObjects>
						</voice>
					</voices>
				</staff>
			</staves>
		</system>
		<system justified="true" instrNotation="short">
			<staves>
				<staff layout="unbenannt1" defaultTime="infinite">
					<voices>
						<voice>
							<lyricsSettings firstLine="5" lineDist="1.5">
								<font face="Times New Roman" height="12"/>
							</lyricsSettings>
							<noteObjects>
								<clefSign clef="treble"/>
								<keySign fifths="-2"/>
								<chord>
									<duration base="1/8">
										<tuplet count="3"/>
									</duration>
									<beam group="force"/>
									<drawObjects>
										<drawObj>
											<bracket x1="0" y1="-4.5" x2="1" y2="-3.5" number="3"/>
											<basic noteRange="2"/>
										</drawObj>
									</drawObjects>
									<heads>
										<head pitch="B5">
											<alter step="-1"/>
										</head>
									</heads>
								</chord>
								<chord>
									<duration base="1/8">
										<tuplet count="3"/>
									</duration>
									<beam group="force"/>
									<heads>
										<head pitch="A5"/>
									</heads>
								</chord>
								<chord>
									<duration base="1/8">
										<tuplet count="3"/>
									</duration>
									<beam group="split"/>
									<heads>
										<head pitch="G5"/>
									</heads>
								</chord>
								<chord>
									<duration base="1/8">
										<tuplet count="3"/>
									</duration>
									<beam group="force"/>
									<drawObjects>
										<drawObj>
											<bracket x1="0" y1="-3" x2="1" y2="-4" number="3"/>
											<basic noteRange="2"/>
										</drawObj>
									</drawObjects>
									<heads>
										<head pitch="F5"/>
									</heads>
								</chord>
								<chord>
									<duration base="1/8">
										<tuplet count="3"/>
									</duration>
									<beam group="force"/>
									<heads>
										<head pitch="G5"/>
									</heads>
								</chord>
								<chord>
									<duration base="1/8">
										<tuplet count="3"/>
									</duration>
									<heads>
										<head pitch="A5"/>
									</heads>
								</chord>
								<chord>
									<duration base="1/8">
										<tuplet count="3"/>
									</duration>
									<beam group="force"/>
									<drawObjects>
										<drawObj>
											<bracket x1="0" y1="4.5" x2="1" y2="3.5" number="3"/>
											<basic noteRange="2"/>
										</drawObj>
									</drawObjects>
									<heads>
										<head pitch="B5">
											<alter step="-1"/>
										</head>
									</heads>
								</chord>
								<chord>
									<duration base="1/8">
										<tuplet count="3"/>
									</duration>
									<beam group="force"/>
									<heads>
										<head pitch="C6"/>
									</heads>
								</chord>
								<chord>
									<duration base="1/8">
										<tuplet count="3"/>
									</duration>
									<beam group="split"/>
									<heads>
										<head pitch="D6"/>
									</heads>
								</chord>
								<chord>
									<duration base="1/8">
										<tuplet count="3"/>
									</duration>
									<beam group="force"/>
									<drawObjects>
										<drawObj>
											<bracket x1="0" y1="3" x2="1" y2="4" number="3"/>
											<basic noteRange="2"/>
										</drawObj>
									</drawObjects>
									<heads>
										<head pitch="E6">
											<alter step="-1"/>
										</head>
									</heads>
								</chord>
								<chord>
									<duration base="1/8">
										<tuplet count="3"/>
									</duration>
									<beam group="force"/>
									<heads>
										<head pitch="D6"/>
									</heads>
								</chord>
								<chord>
									<duration base="1/8">
										<tuplet count="3"/>
									</duration>
									<heads>
										<head pitch="C6"/>
									</heads>
								</chord>
								<chord>
									<duration base="1/4"/>
									<heads>
										<head pitch="B5">
											<alter step="-1"/>
										</head>
									</heads>
								</chord>
								<rest>
									<duration base="1/8">
										<tuplet count="3"/>
									</duration>
									<drawObjects>
										<drawObj>
											<bracket x1="0.28125" y1="3.53125" x2="1.03125" y2="3.5625" orientation="down" number="3"/>
											<basic noteRange="2"/>
										</drawObj>
									</drawObjects>
								</rest>
								<chord>
									<duration base="1/8">
										<tuplet count="3"/>
									</duration>
									<beam group="force"/>
									<drawObjects>
										<drawObj>
											<slur x1="0.625" y1="-3" x2="1.375" y2="-3.15625" x3="0.125" y3="-2.59375" x4="0.375" y4="-2"/>
											<basic noteRange="1"/>
										</drawObj>
									</drawObjects>
									<heads>
										<head pitch="F6"/>
									</heads>
								</chord>
								<chord>
									<duration base="1/8">
										<tuplet count="3"/>
									</duration>
									<heads>
										<head pitch="D6"/>
									</heads>
								</chord>
								<chord>
									<duration base="1/4"/>
									<heads>
										<head pitch="B5">
											<alter step="-1"/>
										</head>
									</heads>
								</chord>
								<rest>
									<duration base="1/8">
										<tuplet count="3"/>
									</duration>
									<drawObjects>
										<drawObj>
											<bracket x1="0.3125" y1="4" x2="1.09375" y2="5" orientation="down" number="3"/>
											<basic noteRange="2"/>
										</drawObj>
									</drawObjects>
								</rest>
								<chord>
									<duration base="1/8">
										<tuplet count="3"/>
									</duration>
									<beam group="force"/>
									<drawObjects>
										<drawObj>
											<slur x1="0.625" y1="-2" x2="1.375" y2="-2.15625" x3="0.125" y3="-1.59375" x4="0.375" y4="-1"/>
											<basic noteRange="1"/>
										</drawObj>
									</drawObjects>
									<heads>
										<head pitch="D6"/>
									</heads>
								</chord>
								<chord>
									<duration base="1/8">
										<tuplet count="3"/>
									</duration>
									<heads>
										<head pitch="B5">
											<alter step="-1"/>
										</head>
									</heads>
								</chord>
								<chord>
									<duration base="1/4"/>
									<heads>
										<head pitch="F5"/>
									</heads>
								</chord>
								<rest>
									<duration base="1/8">
										<tuplet count="3"/>
									</duration>
								</rest>
								<chord>
									<duration base="1/8">
										<tuplet count="3"/>
									</duration>
									<beam group="force"/>
									<drawObjects>
										<drawObj>
											<slur x1="0.625" y1="1" x2="0.71875" y2="1.5" x3="-0.40625" y3="2.5" x4="0.375" y4="2.5"/>
											<basic noteRange="1"/>
										</drawObj>
									</drawObjects>
									<heads>
										<head pitch="B5">
											<alter step="-1"/>
										</head>
									</heads>
								</chord>
								<chord>
									<duration base="1/8">
										<tuplet count="3"/>
									</duration>
									<heads>
										<head pitch="F5"/>
									</heads>
								</chord>
								<chord>
									<duration base="1/8">
										<tuplet count="3"/>
									</duration>
									<beam group="force"/>
									<drawObjects>
										<drawObj>
											<bracket x1="0" y1="-3" x2="1" y2="-3" number="3"/>
											<basic noteRange="2"/>
										</drawObj>
										<drawObj>
											<slur x1="0.625" y1="3.5" x2="1.375" y2="3.65625" x3="0.125" y3="3.09375" x4="0.375" y4="2.5"/>
											<basic noteRange="1"/>
										</drawObj>
									</drawObjects>
									<heads>
										<head pitch="D5"/>
									</heads>
								</chord>
								<chord>
									<duration base="1/8">
										<tuplet count="3"/>
									</duration>
									<beam group="force"/>
									<heads>
										<head pitch="F5"/>
									</heads>
								</chord>
								<chord>
									<duration base="1/8">
										<tuplet count="3"/>
									</duration>
									<beam group="split"/>
									<articulation type="staccato"/>
									<heads>
										<head pitch="D5"/>
									</heads>
								</chord>
								<chord>
									<duration base="1/8">
										<tuplet count="3"/>
									</duration>
									<beam group="force"/>
									<drawObjects>
										<drawObj>
											<bracket x1="0" y1="-3" x2="1" y2="-3" number="3"/>
											<basic noteRange="2"/>
										</drawObj>
										<drawObj>
											<slur x1="0.625" y1="4.5" x2="1.375" y2="4.65625" x3="0.125" y3="4.09375" x4="0.375" y4="3.5"/>
											<basic noteRange="1"/>
										</drawObj>
									</drawObjects>
									<heads>
										<head pitch="B4">
											<alter step="-1"/>
										</head>
									</heads>
								</chord>
								<chord>
									<duration base="1/8">
										<tuplet count="3"/>
									</duration>
									<beam group="force"/>
									<heads>
										<head pitch="D5"/>
									</heads>
								</chord>
								<chord>
									<duration base="1/8">
										<tuplet count="3"/>
									</duration>
									<articulation type="staccato"/>
									<heads>
										<head pitch="B4">
											<alter step="-1"/>
										</head>
									</heads>
								</chord>
								<chord>
									<duration base="1/4"/>
									<heads>
										<head pitch="F4"/>
									</heads>
								</chord>
								<rest>
									<duration base="1/8"/>
								</rest>
								<chord>
									<duration base="1/8"/>
									<beam group="split"/>
									<drawObjects>
										<drawObj>
											<text x="-1" y="4.5">
												<font face="capella3" height="18" charSet="2" pitchAndFamily="2"/>
												<content>f</content>
											</text>
										</drawObj>
									</drawObjects>
									<heads>
										<head pitch="F5"/>
									</heads>
								</chord>
								<chord>
									<duration base="1/8"/>
									<beam group="force"/>
									<heads>
										<head pitch="G5"/>
									</heads>
								</chord>
								<chord>
									<duration base="1/8"/>
									<beam group="force"/>
									<heads>
										<head pitch="A5"/>
									</heads>
								</chord>
								<chord>
									<duration base="1/8"/>
									<beam group="force"/>
									<heads>
										<head pitch="B5">
											<alter step="-1"/>
										</head>
									</heads>
								</chord>
								<chord>
									<duration base="1/8"/>
									<heads>
										<head pitch="C6"/>
									</heads>
								</chord>
								<chord>
									<duration base="1/1"/>
									<drawObjects>
										<drawObj>
											<text x="0" y="-3">
												<font face="capella3" height="18" charSet="2" pitchAndFamily="2"/>
												<content>t</content>
											</text>
										</drawObj>
										<drawObj>
											<slur x1="0.75" y1="0" x2="1.6875" y2="1.78125" x3="0.65625" y3="2.71875" x4="2.40625" y4="1.40625"/>
											<basic noteRange="2"/>
										</drawObj>
									</drawObjects>
									<heads>
										<head pitch="C6"/>
									</heads>
								</chord>
								<chord>
									<duration base="1/16" noDuration="true"/>
									<display small="true" postGrace="true"/>
									<stem dir="up"/>
									<beam group="force"/>
									<heads>
										<head pitch="B5">
											<alter step="-1"/>
										</head>
									</heads>
								</chord>
								<chord>
									<duration base="1/16" noDuration="true"/>
									<display small="true" postGrace="true"/>
									<stem dir="up"/>
									<heads>
										<head pitch="C6"/>
									</heads>
								</chord>
							</noteObjects>
						</voice>
					</voices>
				</staff>
			</staves>
		</system>
		<system justified="true" instrNotation="short">
			<staves>
				<staff layout="unbenannt1" defaultTime="infinite">
					<extraDistance top="3"/>
					<voices>
						<voice>
							<lyricsSettings firstLine="5" lineDist="1.5">
								<font face="Times New Roman" height="12"/>
							</lyricsSettings>
							<noteObjects>
								<clefSign clef="treble"/>
								<keySign fifths="-2"/>
								<chord>
									<duration base="1/4"/>
									<stem dir="up"/>
									<drawObjects>
										<drawObj>
											<slur x1="-2.375" y1="0.25" x2="-2.21875" y2="0.75" x3="-4.5625" y3="1.3125" x4="-4.1875" y4="1"/>
											<basic noteRange="1"/>
										</drawObj>
									</drawObjects>
									<heads>
										<head pitch="B5">
											<alter step="-1"/>
										</head>
									</heads>
								</chord>
								<rest>
									<duration base="1/4"/>
								</rest>
								<rest>
									<duration base="1/2"/>
								</rest>
								<rest>
									<duration base="3"/>
									<display churchStyle="true" number="up"/>
								</rest>
								<chord>
									<duration base="1/4" dots="1"/>
									<drawObjects>
										<drawObj>
											<text x="-0.5" y="-2.5">
												<font face="capella3" height="18" charSet="2" pitchAndFamily="2"/>
												<content>u</content>
											</text>
										</drawObj>
										<drawObj>
											<slur x1="0.75" y1="-1" x2="1.59375" y2="-2.1875" x3="-0.875" y3="-2.4375" x4="0.25" y4="-1.5"/>
											<basic noteRange="1"/>
										</drawObj>
										<drawObj>
											<text x="0" y="5">
												<font face="Times New Roman" height="10"/>
												<content>Cadenza ad lib.</content>
											</text>
										</drawObj>
									</drawObjects>
									<heads>
										<head pitch="B5">
											<alter step="-1"/>
										</head>
									</heads>
								</chord>
								<chord>
									<duration base="1/8"/>
									<heads>
										<head pitch="C6"/>
									</heads>
								</chord>
								<chord>
									<duration base="1/4" dots="1"/>
									<drawObjects>
										<drawObj>
											<text x="0" y="-2.5">
												<font face="capella3" height="18" charSet="2" pitchAndFamily="2"/>
												<content>t</content>
											</text>
										</drawObj>
										<drawObj>
											<text x="-0.5" y="-4.5">
												<font face="capella3" height="18" charSet="2" pitchAndFamily="2"/>
												<content>u</content>
											</text>
										</drawObj>
										<drawObj>
											<slur x1="0.75" y1="-1.5" x2="1.75" y2="-3" x3="-0.75" y3="-3" x4="0.25" y4="-1.5"/>
											<basic noteRange="2"/>
										</drawObj>
									</drawObjects>
									<heads>
										<head pitch="C6"/>
									</heads>
								</chord>
								<chord>
									<duration base="1/16"/>
									<heads>
										<head pitch="B5">
											<alter step="-1"/>
										</head>
									</heads>
								</chord>
								<chord>
									<duration base="1/16"/>
									<heads>
										<head pitch="C6"/>
									</heads>
								</chord>
								<chord>
									<duration base="1/4"/>
									<heads>
										<head pitch="B5">
											<alter step="-1"/>
										</head>
									</heads>
								</chord>
								<rest>
									<duration base="1/4"/>
								</rest>
								<rest>
									<duration base="1/2"/>
								</rest>
								<rest>
									<duration base="8"/>
									<display churchStyle="true" number="up"/>
								</rest>
								<rest>
									<duration base="1/4"/>
								</rest>
								<chord>
									<duration base="1/8" dots="1"/>
									<drawObjects>
										<drawObj>
											<text x="-1" y="5">
												<font face="capella3" height="18" charSet="2" pitchAndFamily="2"/>
												<content>f</content>
											</text>
										</drawObj>
										<drawObj>
											<text x="0" y="-2.5">
												<font face="Times New Roman" height="10"/>
												<content>tutti</content>
											</text>
										</drawObj>
									</drawObjects>
									<heads>
										<head pitch="B5">
											<alter step="-1"/>
										</head>
									</heads>
								</chord>
								<chord>
									<duration base="1/16"/>
									<heads>
										<head pitch="B5">
											<alter step="-1"/>
										</head>
									</heads>
								</chord>
								<chord>
									<duration base="1/4"/>
									<heads>
										<head pitch="B5">
											<alter step="-1"/>
										</head>
									</heads>
								</chord>
								<chord>
									<duration base="1/4"/>
									<heads>
										<head pitch="B5">
											<alter step="-1"/>
										</head>
									</heads>
								</chord>
								<chord>
									<duration base="1/4"/>
									<heads>
										<head pitch="B5">
											<alter step="-1"/>
										</head>
									</heads>
								</chord>
								<chord>
									<duration base="1/8" dots="1"/>
									<heads>
										<head pitch="B4">
											<alter step="-1"/>
										</head>
									</heads>
								</chord>
								<chord>
									<duration base="1/16"/>
									<heads>
										<head pitch="B4">
											<alter step="-1"/>
										</head>
									</heads>
								</chord>
								<chord>
									<duration base="1/4"/>
									<heads>
										<head pitch="B4">
											<alter step="-1"/>
										</head>
									</heads>
								</chord>
								<chord>
									<duration base="1/4"/>
									<heads>
										<head pitch="B4">
											<alter step="-1"/>
										</head>
									</heads>
								</chord>
								<chord>
									<duration base="1/2"/>
									<heads>
										<head pitch="B4">
											<alter step="-1"/>
										</head>
									</heads>
								</chord>
								<rest>
									<duration base="1/2"/>
								</rest>
								<barline type="end"/>
							</noteObjects>
						</voice>
					</voices>
				</staff>
			</staves>
		</system>
		<system justified="true" instrNotation="short" leftIndent="9">
			<staves>
				<staff layout="unbenannt1" defaultTime="infinite">
					<extraDistance top="3"/>
					<voices>
						<voice>
							<lyricsSettings firstLine="5" lineDist="1.5">
								<font face="Times New Roman" height="12"/>
							</lyricsSettings>
							<noteObjects>
								<clefSign clef="treble"/>
								<keySign fifths="-3"/>
								<timeSign time="infinite"/>
								<chord>
									<duration base="1/4" dots="1"/>
									<drawObjects>
										<drawObj>
											<slur x1="0.75" y1="-1" x2="1.09375" y2="-1.875" x3="-0.875" y3="-2.71875" x4="0.25" y4="-2.5"/>
											<basic noteRange="1"/>
										</drawObj>
										<drawObj>
											<text x="-1" y="4.5">
												<font face="capella3" height="18" charSet="2" pitchAndFamily="2"/>
												<content>p</content>
											</text>
										</drawObj>
										<drawObj>
											<text x="1.5" y="4.5">
												<font face="Times New Roman" height="10" italic="true"/>
												<content>con molto espressione</content>
											</text>
										</drawObj>
										<drawObj>
											<text x="-18" y="-4">
												<font face="Times New Roman" height="10"/>
												<content>ROMANZE</content>
											</text>
										</drawObj>
										<drawObj>
											<text x="-4.5" y="0">
												<font face="capella3" height="18" charSet="2" pitchAndFamily="2"/>
												<content>;</content>
											</text>
										</drawObj>
									</drawObjects>
									<heads>
										<head pitch="B5">
											<alter step="-1"/>
										</head>
									</heads>
								</chord>
								<chord>
									<duration base="1/8"/>
									<heads>
										<head pitch="E6">
											<alter step="-1"/>
										</head>
									</heads>
								</chord>
								<chord>
									<duration base="1/4"/>
									<heads>
										<head pitch="G5"/>
									</heads>
								</chord>
								<chord>
									<duration base="1/4"/>
									<heads>
										<head pitch="G5"/>
									</heads>
								</chord>
								<chord>
									<duration base="1/8"/>
									<stem dir="up"/>
									<beam group="force"/>
									<drawObjects>
										<drawObj>
											<slur x1="0.75" y1="1.5" x2="1.5625" y2="3.0625" x3="-0.875" y3="3.875" x4="0.25" y4="2.5"/>
											<basic noteRange="4"/>
										</drawObj>
									</drawObjects>
									<heads>
										<head pitch="A5">
											<alter step="-1"/>
										</head>
									</heads>
								</chord>
								<chord>
									<duration base="1/8"/>
									<stem dir="up"/>
									<beam group="force"/>
									<heads>
										<head pitch="B5">
											<alter step="-1"/>
										</head>
									</heads>
								</chord>
								<chord>
									<duration base="1/8"/>
									<stem dir="up"/>
									<beam group="force"/>
									<heads>
										<head pitch="C6"/>
									</heads>
								</chord>
								<chord>
									<duration base="1/8"/>
									<stem dir="up"/>
									<heads>
										<head pitch="A5">
											<alter step="-1"/>
										</head>
									</heads>
								</chord>
								<chord>
									<duration base="1/4"/>
									<heads>
										<head pitch="F5"/>
									</heads>
								</chord>
								<rest>
									<duration base="1/8"/>
								</rest>
								<chord>
									<duration base="1/8"/>
									<heads>
										<head pitch="F5"/>
									</heads>
								</chord>
								<chord>
									<duration base="1/8"/>
									<heads>
										<head pitch="G5"/>
									</heads>
								</chord>
								<rest>
									<duration base="1/8"/>
								</rest>
								<chord>
									<duration base="1/8"/>
									<heads>
										<head pitch="A5">
											<alter step="-1"/>
										</head>
									</heads>
								</chord>
								<rest>
									<duration base="1/8"/>
								</rest>
								<chord>
									<duration base="1/8"/>
									<heads>
										<head pitch="B5">
											<alter step="-1"/>
										</head>
									</heads>
								</chord>
								<rest>
									<duration base="1/8"/>
								</rest>
								<chord>
									<duration base="1/8"/>
									<beam group="force"/>
									<drawObjects>
										<drawObj>
											<slur x1="0.75" y1="-1.5" x2="1.5625" y2="-1.6875" x3="-0.03125" y3="-1.1875" x4="0.25" y4="-0.5"/>
											<basic noteRange="1"/>
										</drawObj>
									</drawObjects>
									<heads>
										<head pitch="C6"/>
									</heads>
								</chord>
								<chord>
									<duration base="1/8"/>
									<heads>
										<head pitch="A5">
											<alter step="-1"/>
										</head>
									</heads>
								</chord>
								<chord>
									<duration base="1/2"/>
									<drawObjects>
										<drawObj>
											<slur x1="0.75" y1="2" x2="1.59375" y2="3.1875" x3="-0.875" y3="3.4375" x4="0.25" y4="2.5"/>
											<basic noteRange="1"/>
										</drawObj>
									</drawObjects>
									<heads>
										<head pitch="G5"/>
									</heads>
								</chord>
								<chord>
									<duration base="1/8"/>
									<beam group="force"/>
									<heads>
										<head pitch="F5"/>
									</heads>
								</chord>
								<chord>
									<duration base="1/8"/>
									<beam group="force"/>
									<drawObjects>
										<drawObj>
											<slur x1="0.75" y1="2" x2="1.875" y2="3.21875" x3="-0.59375" y3="2.90625" x4="0.25" y4="1.5"/>
											<basic noteRange="2"/>
										</drawObj>
									</drawObjects>
									<heads>
										<head pitch="G5"/>
									</heads>
								</chord>
								<chord>
									<duration base="1/8"/>
									<beam group="force"/>
									<heads>
										<head pitch="A5">
											<alter step="-1"/>
										</head>
									</heads>
								</chord>
								<chord>
									<duration base="1/8"/>
									<heads>
										<head pitch="A5"/>
									</heads>
								</chord>
								<chord>
									<duration base="1/4" dots="1"/>
									<drawObjects>
										<drawObj>
											<slur x1="0.75" y1="-1" x2="1.09375" y2="-1.875" x3="-0.875" y3="-2.71875" x4="0.25" y4="-2.5"/>
											<basic noteRange="1"/>
										</drawObj>
									</drawObjects>
									<heads>
										<head pitch="B5">
											<alter step="-1"/>
										</head>
									</heads>
								</chord>
								<chord>
									<duration base="1/8"/>
									<heads>
										<head pitch="E6">
											<alter step="-1"/>
										</head>
									</heads>
								</chord>
								<chord>
									<duration base="1/4"/>
									<heads>
										<head pitch="G5"/>
									</heads>
								</chord>
								<chord>
									<duration base="1/4"/>
									<heads>
										<head pitch="G5"/>
									</heads>
								</chord>
							</noteObjects>
						</voice>
					</voices>
				</staff>
			</staves>
		</system>
		<system justified="true" instrNotation="short">
			<staves>
				<staff layout="unbenannt1" defaultTime="infinite">
					<voices>
						<voice>
							<lyricsSettings firstLine="5" lineDist="1.5">
								<font face="Times New Roman" height="12"/>
							</lyricsSettings>
							<noteObjects>
								<clefSign clef="treble"/>
								<keySign fifths="-3"/>
								<chord>
									<duration base="1/8"/>
									<stem dir="up"/>
									<beam group="force"/>
									<drawObjects>
										<drawObj>
											<slur x1="0.75" y1="1.5" x2="1.59375" y2="3.0625" x3="-0.875" y3="3.875" x4="0.25" y4="2.5"/>
											<basic noteRange="4"/>
										</drawObj>
									</drawObjects>
									<heads>
										<head pitch="A5">
											<alter step="-1"/>
										</head>
									</heads>
								</chord>
								<chord>
									<duration base="1/8"/>
									<stem dir="up"/>
									<beam group="force"/>
									<heads>
										<head pitch="B5">
											<alter step="-1"/>
										</head>
									</heads>
								</chord>
								<chord>
									<duration base="1/8"/>
									<stem dir="up"/>
									<beam group="force"/>
									<heads>
										<head pitch="C6"/>
									</heads>
								</chord>
								<chord>
									<duration base="1/8"/>
									<stem dir="up"/>
									<heads>
										<head pitch="A5">
											<alter step="-1"/>
										</head>
									</heads>
								</chord>
								<chord>
									<duration base="1/4"/>
									<heads>
										<head pitch="F5"/>
									</heads>
								</chord>
								<rest>
									<duration base="1/8"/>
								</rest>
								<chord>
									<duration base="1/8"/>
									<heads>
										<head pitch="B4">
											<alter step="-1"/>
										</head>
									</heads>
								</chord>
								<chord>
									<duration base="1/8"/>
									<beam group="force"/>
									<drawObjects>
										<drawObj>
											<slur x1="0.75" y1="4.5" x2="2.21875" y2="5.34375" x3="-0.125" y3="3.03125" x4="0.25" y4="1.5"/>
											<basic noteRange="3"/>
										</drawObj>
									</drawObjects>
									<heads>
										<head pitch="B4">
											<alter step="-1"/>
										</head>
									</heads>
								</chord>
								<chord>
									<duration base="1/8"/>
									<beam group="force"/>
									<heads>
										<head pitch="D5"/>
									</heads>
								</chord>
								<chord>
									<duration base="1/8"/>
									<beam group="force"/>
									<heads>
										<head pitch="F5"/>
									</heads>
								</chord>
								<chord>
									<duration base="1/8"/>
									<heads>
										<head pitch="A5">
											<alter step="-1"/>
										</head>
									</heads>
								</chord>
								<chord>
									<duration base="1/8"/>
									<beam group="force"/>
									<drawObjects>
										<drawObj>
											<slur x1="0.75" y1="0" x2="1.4375" y2="-2.40625" x3="-1" y3="-4.75" x4="0.25" y4="-1.5"/>
											<basic noteRange="3"/>
										</drawObj>
									</drawObjects>
									<heads>
										<head pitch="G5"/>
									</heads>
								</chord>
								<chord>
									<duration base="1/8"/>
									<beam group="force"/>
									<heads>
										<head pitch="B5">
											<alter step="-1"/>
										</head>
									</heads>
								</chord>
								<chord>
									<duration base="1/8"/>
									<beam group="force"/>
									<heads>
										<head pitch="E6">
											<alter step="-1"/>
										</head>
									</heads>
								</chord>
								<chord>
									<duration base="1/8"/>
									<heads>
										<head pitch="C6"/>
									</heads>
								</chord>
								<chord>
									<duration base="1/8"/>
									<heads>
										<head pitch="B5">
											<alter step="-1"/>
										</head>
									</heads>
								</chord>
								<rest>
									<duration base="1/8"/>
								</rest>
								<chord>
									<duration base="1/8"/>
									<heads>
										<head pitch="D6"/>
									</heads>
								</chord>
								<rest>
									<duration base="1/8"/>
								</rest>
								<chord>
									<duration base="1/8"/>
									<heads>
										<head pitch="E6">
											<alter step="-1"/>
										</head>
									</heads>
								</chord>
								<rest>
									<duration base="1/8"/>
								</rest>
								<rest>
									<duration base="1/4"/>
								</rest>
								<rest>
									<duration base="8"/>
									<display churchStyle="true" number="up"/>
									<drawObjects>
										<drawObj>
											<text x="-4" y="-2.875" align="center">
												<font face="Times New Roman" height="16" weight="700"/>
												<content>A</content>
											</text>
										</drawObj>
									</drawObjects>
								</rest>
								<chord>
									<duration base="1/4" dots="1"/>
									<drawObjects>
										<drawObj>
											<text x="-1.5" y="4.5">
												<font face="capella3" height="18" charSet="2" pitchAndFamily="2"/>
												<content>j</content>
											</text>
										</drawObj>
									</drawObjects>
									<heads>
										<head pitch="F6"/>
									</heads>
								</chord>
								<chord>
									<duration base="1/8"/>
									<heads>
										<head pitch="E6">
											<alter step="-1"/>
										</head>
									</heads>
								</chord>
								<chord>
									<duration base="1/8"/>
									<beam group="force"/>
									<heads>
										<head pitch="D6"/>
									</heads>
								</chord>
								<chord>
									<duration base="1/8"/>
									<beam group="force"/>
									<heads>
										<head pitch="C6"/>
									</heads>
								</chord>
								<chord>
									<duration base="1/8"/>
									<beam group="force"/>
									<heads>
										<head pitch="B5">
											<alter step="-1"/>
										</head>
									</heads>
								</chord>
								<chord>
									<duration base="1/8"/>
									<heads>
										<head pitch="A5">
											<alter step="-1"/>
										</head>
									</heads>
								</chord>
							</noteObjects>
						</voice>
					</voices>
				</staff>
			</staves>
		</system>
		<system justified="true" instrNotation="short">
			<staves>
				<staff layout="unbenannt1" defaultTime="infinite">
					<voices>
						<voice>
							<lyricsSettings firstLine="5" lineDist="1.5">
								<font face="Times New Roman" height="12"/>
							</lyricsSettings>
							<noteObjects>
								<clefSign clef="treble"/>
								<keySign fifths="-3"/>
								<chord>
									<duration base="1/8"/>
									<beam group="force"/>
									<heads>
										<head pitch="A5">
											<alter step="-1"/>
										</head>
									</heads>
								</chord>
								<chord>
									<duration base="1/8"/>
									<beam group="force"/>
									<heads>
										<head pitch="G5"/>
									</heads>
								</chord>
								<chord>
									<duration base="1/8"/>
									<beam group="force"/>
									<heads>
										<head pitch="C6"/>
									</heads>
								</chord>
								<chord>
									<duration base="1/8"/>
									<heads>
										<head pitch="B5">
											<alter step="-1"/>
										</head>
									</heads>
								</chord>
								<chord>
									<duration base="1/4"/>
									<heads>
										<head pitch="B5">
											<alter step="-1"/>
										</head>
									</heads>
								</chord>
								<rest>
									<duration base="1/4"/>
								</rest>
								<rest>
									<duration base="2"/>
									<display churchStyle="true" number="up"/>
								</rest>
								<chord>
									<duration base="1/4" dots="1"/>
									<heads>
										<head pitch="F6"/>
									</heads>
								</chord>
								<chord>
									<duration base="1/8"/>
									<heads>
										<head pitch="E6">
											<alter step="-1"/>
										</head>
									</heads>
								</chord>
								<chord>
									<duration base="1/8"/>
									<beam group="force"/>
									<heads>
										<head pitch="D6"/>
									</heads>
								</chord>
								<chord>
									<duration base="1/8"/>
									<beam group="force"/>
									<heads>
										<head pitch="C6"/>
									</heads>
								</chord>
								<chord>
									<duration base="1/8"/>
									<beam group="force"/>
									<heads>
										<head pitch="B5">
											<alter step="-1"/>
										</head>
									</heads>
								</chord>
								<chord>
									<duration base="1/8"/>
									<heads>
										<head pitch="A5">
											<alter step="-1"/>
										</head>
									</heads>
								</chord>
								<chord>
									<duration base="1/8"/>
									<beam group="force"/>
									<heads>
										<head pitch="A5">
											<alter step="-1"/>
										</head>
									</heads>
								</chord>
								<chord>
									<duration base="1/8"/>
									<beam group="force"/>
									<heads>
										<head pitch="G5"/>
									</heads>
								</chord>
								<chord>
									<duration base="1/8"/>
									<beam group="force"/>
									<heads>
										<head pitch="C6"/>
									</heads>
								</chord>
								<chord>
									<duration base="1/8"/>
									<heads>
										<head pitch="B5">
											<alter step="-1"/>
										</head>
									</heads>
								</chord>
								<chord>
									<duration base="1/4"/>
									<heads>
										<head pitch="B5">
											<alter step="-1"/>
										</head>
									</heads>
								</chord>
								<rest>
									<duration base="1/4"/>
								</rest>
								<rest>
									<duration base="1/1"/>
								</rest>
								<chord>
									<duration base="1/16"/>
									<beam group="force"/>
									<drawObjects>
										<drawObj>
											<slur x1="0.75" y1="-1" x2="1.625" y2="-2.53125" x3="-0.84375" y3="-2.90625" x4="0.25" y4="-1.5"/>
											<basic noteRange="3"/>
										</drawObj>
									</drawObjects>
									<heads>
										<head pitch="B5">
											<alter step="-1"/>
										</head>
									</heads>
								</chord>
								<chord>
									<duration base="1/16"/>
									<beam group="force"/>
									<heads>
										<head pitch="C6"/>
									</heads>
								</chord>
								<chord>
									<duration base="1/16"/>
									<beam group="force"/>
									<heads>
										<head pitch="B5">
											<alter step="-1"/>
										</head>
									</heads>
								</chord>
								<chord>
									<duration base="1/16"/>
									<beam group="split"/>
									<heads>
										<head pitch="C6"/>
									</heads>
								</chord>
								<chord>
									<duration base="1/16"/>
									<beam group="force"/>
									<drawObjects>
										<drawObj>
											<slur x1="0.75" y1="-2" x2="1.625" y2="-3.53125" x3="-0.84375" y3="-3.90625" x4="0.25" y4="-2.5"/>
											<basic noteRange="3"/>
										</drawObj>
									</drawObjects>
									<heads>
										<head pitch="D6"/>
									</heads>
								</chord>
								<chord>
									<duration base="1/16"/>
									<beam group="force"/>
									<heads>
										<head pitch="E6">
											<alter step="-1"/>
										</head>
									</heads>
								</chord>
								<chord>
									<duration base="1/16"/>
									<beam group="force"/>
									<heads>
										<head pitch="D6"/>
									</heads>
								</chord>
								<chord>
									<duration base="1/16"/>
									<heads>
										<head pitch="E6">
											<alter step="-1"/>
										</head>
									</heads>
								</chord>
								<chord>
									<duration base="1/16"/>
									<beam group="force"/>
									<drawObjects>
										<drawObj>
											<slur x1="0.71875" y1="-3" x2="1.5" y2="-3.15625" x3="0.03125" y3="-2.625" x4="0.28125" y4="-2"/>
											<basic noteRange="1"/>
										</drawObj>
									</drawObjects>
									<heads>
										<head pitch="F6"/>
									</heads>
								</chord>
								<chord>
									<duration base="1/16"/>
									<beam group="force"/>
									<heads>
										<head pitch="D6"/>
									</heads>
								</chord>
								<chord>
									<duration base="1/16"/>
									<beam group="force"/>
									<articulation type="staccato"/>
									<heads>
										<head pitch="B5">
											<alter step="-1"/>
										</head>
									</heads>
								</chord>
								<chord>
									<duration base="1/16"/>
									<beam group="split"/>
									<articulation type="staccato"/>
									<heads>
										<head pitch="B5">
											<alter step="-1"/>
										</head>
									</heads>
								</chord>
								<chord>
									<duration base="1/16"/>
									<beam group="force"/>
									<drawObjects>
										<drawObj>
											<slur x1="0.6875" y1="-2.5" x2="1.46875" y2="-2.6875" x3="0.0625" y3="-2.125" x4="0.3125" y4="-1.5"/>
											<basic noteRange="1"/>
										</drawObj>
									</drawObjects>
									<heads>
										<head pitch="E6">
											<alter step="-1"/>
										</head>
									</heads>
								</chord>
								<chord>
									<duration base="1/16"/>
									<beam group="force"/>
									<heads>
										<head pitch="C6"/>
									</heads>
								</chord>
								<chord>
									<duration base="1/16"/>
									<beam group="force"/>
									<articulation type="staccato"/>
									<heads>
										<head pitch="A5"/>
									</heads>
								</chord>
								<chord>
									<duration base="1/16"/>
									<articulation type="staccato"/>
									<heads>
										<head pitch="A5"/>
									</heads>
								</chord>
							</noteObjects>
						</voice>
					</voices>
				</staff>
			</staves>
		</system>
	</systems>
</score>
