<?xml version="1.0" encoding="ISO-8859-1" standalone="yes"?>
<smr>
<piece>
<score>
	<layout>
		<pages top="20" right="20" bottom="20" left="20"/>
		<distances>
			<staffLines small="1.2" pageObj="1.8" normal="1.42"/>
			<systems top="0" between="0"/>
		</distances>
		<instrumentNames>
			<font height="10" face="Times New Roman"/>
		</instrumentNames>
		<staves>
			<staffLayout description="Flute">
				<notation defaultClef="treble">
					<barlines to="7" from="3" mode="internal"/>
				</notation>
				<distances top="7" bottom="7"/>
				<instrument abbrev="Flute" name="Flute"/>
				<sound volume="127" instr="73"/>
			</staffLayout>
			<staffLayout description="unbenannt2">
				<notation defaultClef="treble">
					<barlines to="7" from="3"/>
				</notation>
				<distances top="7" bottom="7"/>
				<instrument abbrev="" pairAbbrev="Harp" name="" pairName="Harp"/>
				<sound volume="127" instr="46"/>
			</staffLayout>
			<staffLayout description="unbenannt3">
				<notation defaultClef="bass">
					<barlines to="7" from="3" mode="internal"/>
				</notation>
				<distances top="7" bottom="7"/>
				<instrument abbrev="" name=""/>
				<sound volume="127" instr="46"/>
			</staffLayout>
		</staves>
		<brackets>
			<bracket to="2" from="1" curly="true"/>
		</brackets>
		<spacing abs="16" rel="75"/>
		<beamFlattening to="29" toMax="55" from="49" fromMax="148"/>
	</layout>
	<systems>
		<system justified="true" instrNotation="long">
			<context/><staves>
				<staff layout="Flute" defaultTime="4/4">
					<context/><voices>
						<voice>
							<lyricsSettings lineDist="1.5" firstLine="5">
								<font height="12" face="Times New Roman"/>
							</lyricsSettings>
							<noteObjects>
								<clefSign clef="treble"/>
								<keySign fifths="4"/>
								<timeSign time="C"/>
								<chord>
									<duration base="1/2"/>
									<heads>
										<head pitch="C6">
											<alter step="1"/>
											<tie begin="true"/>
										</head>
									</heads>
								</chord>
								<chord>
									<duration base="1/8">
										<tuplet count="6"/>
									</duration>
									<drawObjects>
										<drawObj>
											<bracket y2="-6" orientation="up" number="6" x2="1" y1="-6.5" x1="0"/>
											<basic noteRange="2"/>
										</drawObj>
									</drawObjects>
									<heads>
										<head pitch="C6">
											<alter step="1"/>
											<tie begin="true" end="true"/>
										</head>
									</heads>
								</chord>
								<chord>
									<duration base="1/16">
										<tuplet count="6"/>
									</duration>
									<heads>
										<head pitch="C6">
											<alter step="1"/>
											<tie end="true"/>
										</head>
									</heads>
								</chord>
								<chord>
									<duration base="1/16">
										<tuplet count="6"/>
									</duration>
									<heads>
										<head pitch="B5"/>
									</heads>
								</chord>
								<chord>
									<duration base="1/32">
										<tuplet count="9"/>
									</duration>
									<drawObjects>
										<drawObj>
											<bracket y2="-5.5" orientation="up" number="9" x2="1" y1="-6" x1="0"/>
											<basic noteRange="2"/>
										</drawObj>
									</drawObjects>
									<heads>
										<head pitch="A5">
											<alter step="1"/>
										</head>
									</heads>
								</chord>
								<chord>
									<duration base="1/32">
										<tuplet count="9"/>
									</duration>
									<heads>
										<head pitch="A5"/>
									</heads>
								</chord>
								<chord>
									<duration base="1/32">
										<tuplet count="9"/>
									</duration>
									<beam group="split"/>
									<heads>
										<head pitch="G5">
											<alter step="1"/>
										</head>
									</heads>
								</chord>
								<chord>
									<duration dots="1" base="1/8">
										<tuplet count="6"/>
									</duration>
									<drawObjects>
										<drawObj>
											<bracket y2="-5.5" orientation="up" number="6" x2="1" y1="-4.5" x1="0"/>
											<basic noteRange="3"/>
										</drawObj>
									</drawObjects>
									<heads>
										<head pitch="G5"/>
									</heads>
								</chord>
								<chord>
									<duration base="1/16">
										<tuplet count="6"/>
									</duration>
									<heads>
										<head pitch="A5"/>
									</heads>
								</chord>
								<chord>
									<duration base="1/16">
										<tuplet count="6"/>
									</duration>
									<heads>
										<head pitch="B5"/>
									</heads>
								</chord>
								<chord>
									<duration base="1/16">
										<tuplet count="6"/>
									</duration>
									<heads>
										<head pitch="B5">
											<alter step="1"/>
										</head>
									</heads>
								</chord>
								<timeSign time="9/8"/>
								<chord>
									<duration base="1/8"/>
									<heads>
										<head pitch="C6"/>
									</heads>
								</chord>
								<rest>
									<duration base="1/8"/>
								</rest>
								<rest>
									<duration base="1/8"/>
								</rest>
								<rest>
									<duration base="1/4"/>
								</rest>
								<rest>
									<duration base="1/8"/>
								</rest>
								<rest>
									<duration base="1/4"/>
								</rest>
								<rest>
									<duration base="1/8"/>
								</rest>
								<rest>
									<duration base="1"/>
									<display churchStyle="true"/>
								</rest>
								<timeSign time="12/8"/>
							</noteObjects>
						</voice>
					</voices>
				</staff>
			</staves>
		</system>
	</systems>
</score>
</piece>
</smr>
