<?xml version="1.0" encoding="ISO-8859-1" standalone="yes"?>
<smr>
<piece>
<score>
	<layout>
		<pages top="20" right="18" bottom="20" left="18"/>
		<distances>
			<staffLines small="1.2" pageObj="1.8" normal="1.22"/>
			<systems top="0" between="6"/>
		</distances>
		<instrumentNames>
			<font height="12" face="Times New Roman"/>
		</instrumentNames>
		<staves>
			<staffLayout description="1">
				<notation defaultClef="P3">
					<barlines to="7" from="3"/>
				</notation>
				<distances top="7" bottom="7"/>
				<instrument abbrev="" name=""/>
				<sound volume="127" percussion="true" instr="0"/>
			</staffLayout>
			<staffLayout description="2">
				<notation defaultClef="P3">
					<barlines to="7" from="3"/>
				</notation>
				<distances top="7" bottom="7"/>
				<instrument abbrev="" name=""/>
				<sound volume="127" percussion="true" instr="0"/>
			</staffLayout>
			<staffLayout description="3">
				<notation defaultClef="P3">
					<barlines to="7" from="3"/>
				</notation>
				<distances top="7" bottom="7"/>
				<instrument abbrev="" name=""/>
				<sound volume="127" percussion="true" instr="0"/>
			</staffLayout>
			<staffLayout description="4">
				<notation defaultClef="P3">
					<barlines to="7" from="3"/>
				</notation>
				<distances top="7" bottom="7"/>
				<instrument abbrev="" name=""/>
				<sound volume="127" percussion="true" instr="0"/>
			</staffLayout>
			<staffLayout description="">
				<notation defaultClef="P3">
					<barlines to="7" from="3" mode="internal"/>
				</notation>
				<distances top="7" bottom="7"/>
				<instrument abbrev="" name=""/>
				<sound volume="127" percussion="true" instr="0"/>
			</staffLayout>
		</staves>
		<spacing allowCompression="true" abs="16" rel="75"/>
		<beamFlattening to="29" toMax="55" from="49" fromMax="148"/>
	</layout>
	<barCount y="3.5" x="0">
		<font height="10" face="Times New Roman"/>
	</barCount>
	<systems>
		<system beamGrouping="2" justified="true" instrNotation="long">
			
			<context/><staves>
				<staff layout="1" defaultTime="4/4">
					<context/><voices>
						<voice>
							<lyricsSettings lineDist="1.5" firstLine="5">
								<font height="12" face="Times New Roman"/>
							</lyricsSettings>
							<noteObjects>
								<clefSign clef="P3"/>
								<chord>
									<duration base="1/16"/>
									<stem dir="up"/>
									<heads>
										<head shape="square" pitch="C6"/>
									</heads>
								</chord>
								<chord>
									<duration dots="1" base="1/8"/>
									<stem dir="up"/>
									<heads>
										<head shape="square" pitch="C6"/>
									</heads>
								</chord>
								<chord>
									<duration base="1/16"/>
									<stem dir="up"/>
									<heads>
										<head shape="square" pitch="C6"/>
									</heads>
								</chord>
								<chord>
									<duration dots="1" base="1/8"/>
									<stem dir="up"/>
									<heads>
										<head shape="square" pitch="C6"/>
									</heads>
								</chord>
								<chord>
									<duration base="1/16"/>
									<stem dir="up"/>
									<heads>
										<head shape="square" pitch="C6"/>
									</heads>
								</chord>
								<chord>
									<duration dots="1" base="1/8"/>
									<stem dir="up"/>
									<heads>
										<head shape="square" pitch="C6"/>
									</heads>
								</chord>
								<chord>
									<duration base="1/16"/>
									<stem dir="up"/>
									<heads>
										<head shape="square" pitch="C6"/>
									</heads>
								</chord>
								<chord>
									<duration dots="1" base="1/8"/>
									<stem dir="up"/>
									<heads>
										<head shape="square" pitch="C6"/>
									</heads>
								</chord>
								<chord>
									<duration base="1/16"/>
									<stem dir="up"/>
									<heads>
										<head shape="square" pitch="C6"/>
									</heads>
								</chord>
								<chord>
									<duration dots="1" base="1/8"/>
									<stem dir="up"/>
									<heads>
										<head shape="square" pitch="C6"/>
									</heads>
								</chord>
								<chord>
									<duration base="1/16"/>
									<stem dir="up"/>
									<heads>
										<head shape="square" pitch="C6"/>
									</heads>
								</chord>
								<chord>
									<duration dots="1" base="1/8"/>
									<stem dir="up"/>
									<heads>
										<head shape="square" pitch="C6"/>
									</heads>
								</chord>
								<chord>
									<duration base="1/16"/>
									<stem dir="up"/>
									<heads>
										<head shape="square" pitch="C6"/>
									</heads>
								</chord>
								<chord>
									<duration dots="1" base="1/8"/>
									<stem dir="up"/>
									<heads>
										<head shape="square" pitch="C6"/>
									</heads>
								</chord>
								<chord>
									<duration base="1/16"/>
									<stem dir="up"/>
									<heads>
										<head shape="square" pitch="C6"/>
									</heads>
								</chord>
								<chord>
									<duration dots="1" base="1/8"/>
									<stem dir="up"/>
									<heads>
										<head shape="square" pitch="C6"/>
									</heads>
								</chord>
								<chord>
									<duration base="1/16">
										<tuplet count="3"/>
									</duration>
									<drawObjects>
										<drawObj>
											<bracket y1="2.5" x2="1" x1="0" y2="2.5" number="3"/>
											<basic noteRange="2"/>
										</drawObj>
										<drawObj>
											<text y="4.5" x="-1">
												<font pitchAndFamily="2" height="18" charSet="2" face="capella3"/>
												<content>f</content>
											</text>
										</drawObj>
									</drawObjects>
									<heads>
										<head shape="crossCircle" pitch="A6">
											<alter display="suppress"/>
										</head>
									</heads>
								</chord>
								<chord>
									<duration base="1/16">
										<tuplet count="3"/>
									</duration>
									<heads>
										<head shape="crossCircle" pitch="A6">
											<alter display="suppress"/>
										</head>
									</heads>
								</chord>
								<chord>
									<duration base="1/16">
										<tuplet count="3"/>
									</duration>
									<beam group="divide"/>
									<heads>
										<head shape="crossCircle" pitch="A6">
											<alter display="suppress"/>
										</head>
									</heads>
								</chord>
								<chord>
									<duration base="1/16">
										<tuplet count="3"/>
									</duration>
									<drawObjects>
										<drawObj>
											<bracket y1="2.5" x2="1" x1="0" y2="2.5" number="3"/>
											<basic noteRange="2"/>
										</drawObj>
									</drawObjects>
									<heads>
										<head shape="crossCircle" pitch="A6">
											<alter display="suppress"/>
										</head>
									</heads>
								</chord>
								<chord>
									<duration base="1/16">
										<tuplet count="3"/>
									</duration>
									<heads>
										<head shape="crossCircle" pitch="A6">
											<alter display="suppress"/>
										</head>
									</heads>
								</chord>
								<chord>
									<duration base="1/16">
										<tuplet count="3"/>
									</duration>
									<heads>
										<head shape="crossCircle" pitch="A6">
											<alter display="suppress"/>
										</head>
									</heads>
								</chord>
								<chord>
									<duration base="1/4"/>
									<heads>
										<head pitch="C6"/>
									</heads>
								</chord>
								<chord>
									<duration base="1/8"/>
									<heads>
										<head pitch="C6"/>
									</heads>
								</chord>
								<chord>
									<duration base="1/16"/>
									<heads>
										<head pitch="C6"/>
									</heads>
								</chord>
								<chord>
									<duration base="1/16"/>
									<heads>
										<head pitch="C6"/>
									</heads>
								</chord>
								<chord>
									<duration base="1/16"/>
									<heads>
										<head shape="crossCircle" pitch="A6"/>
									</heads>
								</chord>
								<chord>
									<duration dots="1" base="1/8"/>
									<heads>
										<head pitch="C6"/>
									</heads>
								</chord>
								<chord>
									<duration noDuration="true" base="1/8"/>
									<display small="true"/>
									<stem tremoloBars="1" dir="up"/>
									<beam group="split"/>
									<heads>
										<head pitch="C6"/>
									</heads>
								</chord>
								<chord>
									<duration base="1/16"/>
									<heads>
										<head pitch="C6"/>
									</heads>
								</chord>
								<chord>
									<duration dots="1" base="1/8"/>
									<heads>
										<head pitch="A6"/>
									</heads>
								</chord>
								<chord>
									<duration base="1/16">
										<tuplet count="3"/>
									</duration>
									<drawObjects>
										<drawObj>
											<bracket y1="5" x2="1" x1="0" y2="5" number="3"/>
											<basic noteRange="2"/>
										</drawObj>
									</drawObjects>
									<heads>
										<head pitch="C6"/>
									</heads>
								</chord>
								<chord>
									<duration base="1/16">
										<tuplet count="3"/>
									</duration>
									<heads>
										<head pitch="C6"/>
									</heads>
								</chord>
								<chord>
									<duration base="1/16">
										<tuplet count="3"/>
									</duration>
									<beam group="divide"/>
									<heads>
										<head pitch="C6"/>
									</heads>
								</chord>
								<chord>
									<duration base="1/16">
										<tuplet count="3"/>
									</duration>
									<drawObjects>
										<drawObj>
											<bracket y1="2.5" x2="1" x1="0" y2="2.5" number="3"/>
											<basic noteRange="2"/>
										</drawObj>
									</drawObjects>
									<heads>
										<head shape="crossCircle" pitch="A6"/>
									</heads>
								</chord>
								<chord>
									<duration base="1/16">
										<tuplet count="3"/>
									</duration>
									<heads>
										<head shape="crossCircle" pitch="A6"/>
									</heads>
								</chord>
								<chord>
									<duration base="1/16">
										<tuplet count="3"/>
									</duration>
									<heads>
										<head shape="crossCircle" pitch="A6"/>
									</heads>
								</chord>
								<rest>
									<duration base="1/8">
										<tuplet count="3"/>
									</duration>
									<drawObjects>
										<drawObj>
											<bracket y1="5" x2="5.71875" x1="0.40625" y2="5" number="3"/>
											<basic noteRange="1"/>
										</drawObj>
									</drawObjects>
								</rest>
								<chord>
									<duration base="1/16">
										<tuplet count="3"/>
									</duration>
									<heads>
										<head pitch="C6"/>
									</heads>
								</chord>
								<chord>
									<duration base="1/16">
										<tuplet count="3"/>
									</duration>
									<heads>
										<head pitch="C6"/>
									</heads>
								</chord>
								<chord>
									<duration base="1/8">
										<tuplet count="3"/>
									</duration>
									<heads>
										<head pitch="A6"/>
									</heads>
								</chord>
								<chord>
									<duration base="1/16"/>
									<beam group="split"/>
									<heads>
										<head pitch="C6"/>
									</heads>
								</chord>
								<chord>
									<duration noDuration="true" base="1/8"/>
									<display small="true"/>
									<stem tremoloBars="1" dir="up"/>
									<beam group="split"/>
									<heads>
										<head pitch="C6"/>
									</heads>
								</chord>
								<chord>
									<duration dots="1" base="1/8"/>
									<heads>
										<head pitch="C6"/>
									</heads>
								</chord>
							</noteObjects>
						</voice>
					</voices>
				</staff>
				<staff layout="2" defaultTime="4/4">
					<context/><voices>
						<voice>
							<lyricsSettings lineDist="1.5" firstLine="5">
								<font height="12" face="Times New Roman"/>
							</lyricsSettings>
							<noteObjects>
								<clefSign clef="P3"/>
								<chord>
									<duration base="1/16"/>
									<stem dir="up"/>
									<heads>
										<head shape="square" pitch="C6"/>
									</heads>
								</chord>
								<chord>
									<duration dots="1" base="1/8"/>
									<stem dir="up"/>
									<heads>
										<head shape="square" pitch="C6"/>
									</heads>
								</chord>
								<chord>
									<duration base="1/16"/>
									<stem dir="up"/>
									<heads>
										<head shape="square" pitch="C6"/>
									</heads>
								</chord>
								<chord>
									<duration dots="1" base="1/8"/>
									<stem dir="up"/>
									<heads>
										<head shape="square" pitch="C6"/>
									</heads>
								</chord>
								<chord>
									<duration base="1/16"/>
									<stem dir="up"/>
									<heads>
										<head shape="square" pitch="C6"/>
									</heads>
								</chord>
								<chord>
									<duration dots="1" base="1/8"/>
									<stem dir="up"/>
									<heads>
										<head shape="square" pitch="C6"/>
									</heads>
								</chord>
								<chord>
									<duration base="1/16"/>
									<stem dir="up"/>
									<heads>
										<head shape="square" pitch="C6"/>
									</heads>
								</chord>
								<chord>
									<duration dots="1" base="1/8"/>
									<stem dir="up"/>
									<heads>
										<head shape="square" pitch="C6"/>
									</heads>
								</chord>
								<chord>
									<duration base="1/16"/>
									<stem dir="up"/>
									<heads>
										<head shape="square" pitch="C6"/>
									</heads>
								</chord>
								<chord>
									<duration dots="1" base="1/8"/>
									<stem dir="up"/>
									<heads>
										<head shape="square" pitch="C6"/>
									</heads>
								</chord>
								<chord>
									<duration base="1/16"/>
									<stem dir="up"/>
									<heads>
										<head shape="square" pitch="C6"/>
									</heads>
								</chord>
								<chord>
									<duration dots="1" base="1/8"/>
									<stem dir="up"/>
									<heads>
										<head shape="square" pitch="C6"/>
									</heads>
								</chord>
								<chord>
									<duration base="1/16"/>
									<stem dir="up"/>
									<heads>
										<head shape="square" pitch="C6"/>
									</heads>
								</chord>
								<chord>
									<duration dots="1" base="1/8"/>
									<stem dir="up"/>
									<heads>
										<head shape="square" pitch="C6"/>
									</heads>
								</chord>
								<chord>
									<duration base="1/16"/>
									<stem dir="up"/>
									<heads>
										<head shape="square" pitch="C6"/>
									</heads>
								</chord>
								<chord>
									<duration dots="1" base="1/8"/>
									<stem dir="up"/>
									<heads>
										<head shape="square" pitch="C6"/>
									</heads>
								</chord>
								<chord>
									<duration base="1/16">
										<tuplet count="3"/>
									</duration>
									<drawObjects>
										<drawObj>
											<bracket y1="2.5" x2="1" x1="0" y2="2.5" number="3"/>
											<basic noteRange="2"/>
										</drawObj>
										<drawObj>
											<text y="4.5" x="-1">
												<font pitchAndFamily="2" height="18" charSet="2" face="capella3"/>
												<content>f</content>
											</text>
										</drawObj>
									</drawObjects>
									<heads>
										<head shape="crossCircle" pitch="A6">
											<alter display="suppress"/>
										</head>
									</heads>
								</chord>
								<chord>
									<duration base="1/16">
										<tuplet count="3"/>
									</duration>
									<heads>
										<head shape="crossCircle" pitch="A6">
											<alter display="suppress"/>
										</head>
									</heads>
								</chord>
								<chord>
									<duration base="1/16">
										<tuplet count="3"/>
									</duration>
									<beam group="divide"/>
									<heads>
										<head shape="crossCircle" pitch="A6">
											<alter display="suppress"/>
										</head>
									</heads>
								</chord>
								<chord>
									<duration base="1/16">
										<tuplet count="3"/>
									</duration>
									<drawObjects>
										<drawObj>
											<bracket y1="2.5" x2="1" x1="0" y2="2.5" number="3"/>
											<basic noteRange="2"/>
										</drawObj>
									</drawObjects>
									<heads>
										<head shape="crossCircle" pitch="A6">
											<alter display="suppress"/>
										</head>
									</heads>
								</chord>
								<chord>
									<duration base="1/16">
										<tuplet count="3"/>
									</duration>
									<heads>
										<head shape="crossCircle" pitch="A6">
											<alter display="suppress"/>
										</head>
									</heads>
								</chord>
								<chord>
									<duration base="1/16">
										<tuplet count="3"/>
									</duration>
									<heads>
										<head shape="crossCircle" pitch="A6">
											<alter display="suppress"/>
										</head>
									</heads>
								</chord>
								<chord>
									<duration base="1/4"/>
									<heads>
										<head pitch="C6"/>
									</heads>
								</chord>
								<chord>
									<duration base="1/8"/>
									<heads>
										<head pitch="C6"/>
									</heads>
								</chord>
								<chord>
									<duration base="1/16"/>
									<heads>
										<head pitch="C6"/>
									</heads>
								</chord>
								<chord>
									<duration base="1/16"/>
									<heads>
										<head pitch="C6"/>
									</heads>
								</chord>
								<chord>
									<duration base="1/16"/>
									<heads>
										<head shape="crossCircle" pitch="A6"/>
									</heads>
								</chord>
								<chord>
									<duration dots="1" base="1/8"/>
									<heads>
										<head pitch="C6"/>
									</heads>
								</chord>
								<chord>
									<duration noDuration="true" base="1/8"/>
									<display small="true"/>
									<stem tremoloBars="1" dir="up"/>
									<beam group="split"/>
									<heads>
										<head pitch="C6"/>
									</heads>
								</chord>
								<chord>
									<duration base="1/16"/>
									<heads>
										<head pitch="C6"/>
									</heads>
								</chord>
								<chord>
									<duration dots="1" base="1/8"/>
									<heads>
										<head pitch="A6"/>
									</heads>
								</chord>
								<chord>
									<duration base="1/16">
										<tuplet count="3"/>
									</duration>
									<drawObjects>
										<drawObj>
											<bracket y1="5" x2="1" x1="0" y2="5" number="3"/>
											<basic noteRange="2"/>
										</drawObj>
									</drawObjects>
									<heads>
										<head pitch="C6"/>
									</heads>
								</chord>
								<chord>
									<duration base="1/16">
										<tuplet count="3"/>
									</duration>
									<heads>
										<head pitch="C6"/>
									</heads>
								</chord>
								<chord>
									<duration base="1/16">
										<tuplet count="3"/>
									</duration>
									<beam group="divide"/>
									<heads>
										<head pitch="C6"/>
									</heads>
								</chord>
								<chord>
									<duration base="1/16">
										<tuplet count="3"/>
									</duration>
									<drawObjects>
										<drawObj>
											<bracket y1="2.5" x2="1" x1="0" y2="2.5" number="3"/>
											<basic noteRange="2"/>
										</drawObj>
									</drawObjects>
									<heads>
										<head shape="crossCircle" pitch="A6"/>
									</heads>
								</chord>
								<chord>
									<duration base="1/16">
										<tuplet count="3"/>
									</duration>
									<heads>
										<head shape="crossCircle" pitch="A6"/>
									</heads>
								</chord>
								<chord>
									<duration base="1/16">
										<tuplet count="3"/>
									</duration>
									<heads>
										<head shape="crossCircle" pitch="A6"/>
									</heads>
								</chord>
								<rest>
									<duration base="1/8">
										<tuplet count="3"/>
									</duration>
									<drawObjects>
										<drawObj>
											<bracket y1="5" x2="5.71875" x1="0.40625" y2="5" number="3"/>
											<basic noteRange="1"/>
										</drawObj>
									</drawObjects>
								</rest>
								<chord>
									<duration base="1/16">
										<tuplet count="3"/>
									</duration>
									<heads>
										<head pitch="C6"/>
									</heads>
								</chord>
								<chord>
									<duration base="1/16">
										<tuplet count="3"/>
									</duration>
									<heads>
										<head pitch="C6"/>
									</heads>
								</chord>
								<chord>
									<duration base="1/8">
										<tuplet count="3"/>
									</duration>
									<heads>
										<head pitch="A6"/>
									</heads>
								</chord>
								<chord>
									<duration base="1/16"/>
									<beam group="split"/>
									<heads>
										<head pitch="C6"/>
									</heads>
								</chord>
								<chord>
									<duration noDuration="true" base="1/8"/>
									<display small="true"/>
									<stem tremoloBars="1" dir="up"/>
									<beam group="split"/>
									<heads>
										<head pitch="C6"/>
									</heads>
								</chord>
								<chord>
									<duration dots="1" base="1/8"/>
									<heads>
										<head pitch="C6"/>
									</heads>
								</chord>
							</noteObjects>
						</voice>
					</voices>
				</staff>
				<staff layout="3" defaultTime="4/4">
					<context/><voices>
						<voice>
							<lyricsSettings lineDist="1.5" firstLine="5">
								<font height="12" face="Times New Roman"/>
							</lyricsSettings>
							<noteObjects>
								<clefSign clef="P3"/>
								<chord>
									<duration base="1/16"/>
									<heads>
										<head shape="crossCircle" pitch="A6"/>
									</heads>
								</chord>
								<chord>
									<duration dots="1" base="1/8"/>
									<heads>
										<head shape="crossCircle" pitch="A6"/>
									</heads>
								</chord>
								<chord>
									<duration dots="1" base="1/4"/>
									<heads>
										<head shape="diamond" pitch="C6"/>
									</heads>
								</chord>
								<chord>
									<duration base="1/8"/>
									<heads>
										<head shape="diamond" pitch="C6"/>
									</heads>
								</chord>
								<chord>
									<duration base="1/8"/>
									<heads>
										<head shape="crossCircle" pitch="A6"/>
									</heads>
								</chord>
								<chord>
									<duration base="1/8"/>
									<heads>
										<head shape="crossCircle" pitch="A6"/>
									</heads>
								</chord>
								<chord>
									<duration base="1/16"/>
									<heads>
										<head shape="crossCircle" pitch="A6"/>
									</heads>
								</chord>
								<chord>
									<duration dots="1" base="1/8"/>
									<heads>
										<head shape="crossCircle" pitch="A6"/>
									</heads>
								</chord>
								<chord>
									<duration dots="1" base="1/4"/>
									<heads>
										<head shape="diamond" pitch="C6"/>
									</heads>
								</chord>
								<chord>
									<duration base="1/8"/>
									<heads>
										<head shape="diamond" pitch="C6"/>
									</heads>
								</chord>
								<chord>
									<duration base="1/8"/>
									<heads>
										<head shape="crossCircle" pitch="A6"/>
									</heads>
								</chord>
								<chord>
									<duration base="1/8"/>
									<heads>
										<head shape="crossCircle" pitch="A6"/>
									</heads>
								</chord>
								<chord>
									<duration base="1/16"/>
									<drawObjects>
										<drawObj>
											<text y="4.5" x="-1.5">
												<font pitchAndFamily="2" height="18" charSet="2" face="capella3"/>
												<content>i</content>
											</text>
										</drawObj>
									</drawObjects>
									<heads>
										<head shape="crossCircle" pitch="A6"/>
									</heads>
								</chord>
								<chord>
									<duration dots="1" base="1/8"/>
									<heads>
										<head shape="crossCircle" pitch="A6"/>
									</heads>
								</chord>
								<chord>
									<duration dots="1" base="1/4"/>
									<heads>
										<head shape="diamond" pitch="C6"/>
									</heads>
								</chord>
								<chord>
									<duration base="1/8"/>
									<heads>
										<head shape="diamond" pitch="C6"/>
									</heads>
								</chord>
								<chord>
									<duration base="1/8"/>
									<heads>
										<head shape="crossCircle" pitch="A6"/>
									</heads>
								</chord>
								<chord>
									<duration base="1/8"/>
									<heads>
										<head shape="crossCircle" pitch="A6"/>
									</heads>
								</chord>
								<chord>
									<duration base="1/16"/>
									<heads>
										<head shape="crossCircle" pitch="A6"/>
									</heads>
								</chord>
								<chord>
									<duration dots="1" base="1/8"/>
									<heads>
										<head shape="crossCircle" pitch="A6"/>
									</heads>
								</chord>
								<chord>
									<duration dots="1" base="1/4"/>
									<heads>
										<head shape="diamond" pitch="C6"/>
									</heads>
								</chord>
								<chord>
									<duration base="1/8"/>
									<heads>
										<head shape="diamond" pitch="C6"/>
									</heads>
								</chord>
								<chord>
									<duration base="1/8"/>
									<heads>
										<head shape="crossCircle" pitch="A6"/>
									</heads>
								</chord>
								<chord>
									<duration base="1/8"/>
									<heads>
										<head shape="crossCircle" pitch="A6"/>
									</heads>
								</chord>
							</noteObjects>
						</voice>
					</voices>
				</staff>
				<staff layout="4" defaultTime="4/4">
					<context/><voices>
						<voice>
							<lyricsSettings lineDist="1.5" firstLine="5">
								<font height="12" face="Times New Roman"/>
							</lyricsSettings>
							<noteObjects>
								<clefSign clef="P3"/>
								<chord>
									<duration base="1/8"/>
									<heads>
										<head shape="diamond" pitch="C6"/>
									</heads>
								</chord>
								<chord>
									<duration base="1/8"/>
									<heads>
										<head shape="diamond" pitch="C6"/>
									</heads>
								</chord>
								<chord>
									<duration base="1/8"/>
									<heads>
										<head shape="crossCircle" pitch="A6"/>
									</heads>
								</chord>
								<chord>
									<duration base="1/8"/>
									<heads>
										<head shape="diamond" pitch="C6"/>
									</heads>
								</chord>
								<chord>
									<duration base="1/16"/>
									<heads>
										<head shape="diamond" pitch="C6"/>
									</heads>
								</chord>
								<chord>
									<duration dots="1" base="1/8"/>
									<heads>
										<head shape="crossCircle" pitch="A6"/>
									</heads>
								</chord>
								<chord>
									<duration base="1/4"/>
									<heads>
										<head shape="diamond" pitch="C6"/>
									</heads>
								</chord>
								<chord>
									<duration base="1/8"/>
									<heads>
										<head shape="diamond" pitch="C6"/>
									</heads>
								</chord>
								<chord>
									<duration base="1/8"/>
									<heads>
										<head shape="diamond" pitch="C6"/>
									</heads>
								</chord>
								<chord>
									<duration base="1/8"/>
									<heads>
										<head shape="crossCircle" pitch="A6"/>
									</heads>
								</chord>
								<chord>
									<duration base="1/8"/>
									<heads>
										<head shape="diamond" pitch="C6"/>
									</heads>
								</chord>
								<chord>
									<duration base="1/16"/>
									<heads>
										<head shape="diamond" pitch="C6"/>
									</heads>
								</chord>
								<chord>
									<duration dots="1" base="1/8"/>
									<heads>
										<head shape="crossCircle" pitch="A6"/>
									</heads>
								</chord>
								<chord>
									<duration base="1/4"/>
									<heads>
										<head shape="diamond" pitch="C6"/>
									</heads>
								</chord>
								<chord>
									<duration base="1/8"/>
									<drawObjects>
										<drawObj>
											<text y="4.5" x="-1.5">
												<font pitchAndFamily="2" height="18" charSet="2" face="capella3"/>
												<content>i</content>
											</text>
										</drawObj>
									</drawObjects>
									<heads>
										<head shape="diamond" pitch="C6"/>
									</heads>
								</chord>
								<chord>
									<duration base="1/8"/>
									<heads>
										<head shape="diamond" pitch="C6"/>
									</heads>
								</chord>
								<chord>
									<duration base="1/8"/>
									<heads>
										<head shape="crossCircle" pitch="A6"/>
									</heads>
								</chord>
								<chord>
									<duration base="1/8"/>
									<heads>
										<head shape="diamond" pitch="C6"/>
									</heads>
								</chord>
								<chord>
									<duration base="1/16"/>
									<heads>
										<head shape="diamond" pitch="C6"/>
									</heads>
								</chord>
								<chord>
									<duration dots="1" base="1/8"/>
									<heads>
										<head shape="crossCircle" pitch="A6"/>
									</heads>
								</chord>
								<chord>
									<duration base="1/4"/>
									<heads>
										<head shape="diamond" pitch="C6"/>
									</heads>
								</chord>
								<chord>
									<duration base="1/8"/>
									<heads>
										<head shape="diamond" pitch="C6"/>
									</heads>
								</chord>
								<chord>
									<duration base="1/8"/>
									<heads>
										<head shape="diamond" pitch="C6"/>
									</heads>
								</chord>
								<chord>
									<duration base="1/8"/>
									<heads>
										<head shape="crossCircle" pitch="A6"/>
									</heads>
								</chord>
								<chord>
									<duration base="1/8"/>
									<heads>
										<head shape="diamond" pitch="C6"/>
									</heads>
								</chord>
								<chord>
									<duration base="1/16"/>
									<heads>
										<head shape="diamond" pitch="C6"/>
									</heads>
								</chord>
								<chord>
									<duration dots="1" base="1/8"/>
									<heads>
										<head shape="crossCircle" pitch="A6"/>
									</heads>
								</chord>
								<chord>
									<duration base="1/4"/>
									<heads>
										<head shape="diamond" pitch="C6"/>
									</heads>
								</chord>
							</noteObjects>
						</voice>
					</voices>
				</staff>
				<staff layout="" defaultTime="4/4">
					<context/><voices>
						<voice>
							<lyricsSettings lineDist="1.5" firstLine="5">
								<font height="12" face="Times New Roman"/>
							</lyricsSettings>
							<noteObjects>
								<clefSign clef="P3"/>
								<chord>
									<duration base="1/16"/>
									<heads>
										<head shape="diamond" pitch="C6"/>
									</heads>
								</chord>
								<chord>
									<duration base="1/16"/>
									<heads>
										<head shape="diamond" pitch="C6"/>
									</heads>
								</chord>
								<chord>
									<duration base="1/16"/>
									<heads>
										<head shape="diamond" pitch="C6"/>
									</heads>
								</chord>
								<chord>
									<duration base="1/16"/>
									<heads>
										<head shape="diamond" pitch="C6"/>
									</heads>
								</chord>
								<chord>
									<duration base="1/8"/>
									<heads>
										<head shape="diamond" pitch="C6"/>
									</heads>
								</chord>
								<chord>
									<duration base="1/16"/>
									<heads>
										<head shape="diamond" pitch="C6"/>
									</heads>
								</chord>
								<chord>
									<duration base="1/16"/>
									<heads>
										<head shape="diamond" pitch="C6"/>
									</heads>
								</chord>
								<chord>
									<duration dots="1" base="1/8"/>
									<heads>
										<head shape="diamond" pitch="C6"/>
									</heads>
								</chord>
								<chord>
									<duration base="1/16"/>
									<heads>
										<head shape="diamond" pitch="C6"/>
									</heads>
								</chord>
								<chord>
									<duration base="1/8"/>
									<heads>
										<head shape="diamond" pitch="C6"/>
									</heads>
								</chord>
								<chord>
									<duration base="1/16"/>
									<heads>
										<head shape="diamond" pitch="C6"/>
									</heads>
								</chord>
								<chord>
									<duration base="1/16"/>
									<heads>
										<head shape="diamond" pitch="C6"/>
									</heads>
								</chord>
								<chord>
									<duration base="1/16"/>
									<heads>
										<head shape="diamond" pitch="C6"/>
									</heads>
								</chord>
								<chord>
									<duration base="1/16"/>
									<heads>
										<head shape="diamond" pitch="C6"/>
									</heads>
								</chord>
								<chord>
									<duration base="1/16"/>
									<heads>
										<head shape="diamond" pitch="C6"/>
									</heads>
								</chord>
								<chord>
									<duration base="1/16"/>
									<heads>
										<head shape="diamond" pitch="C6"/>
									</heads>
								</chord>
								<chord>
									<duration base="1/8"/>
									<heads>
										<head shape="diamond" pitch="C6"/>
									</heads>
								</chord>
								<chord>
									<duration base="1/16"/>
									<heads>
										<head shape="diamond" pitch="C6"/>
									</heads>
								</chord>
								<chord>
									<duration base="1/16"/>
									<heads>
										<head shape="diamond" pitch="C6"/>
									</heads>
								</chord>
								<chord>
									<duration dots="1" base="1/8"/>
									<heads>
										<head shape="diamond" pitch="C6"/>
									</heads>
								</chord>
								<chord>
									<duration base="1/16"/>
									<heads>
										<head shape="diamond" pitch="C6"/>
									</heads>
								</chord>
								<chord>
									<duration base="1/8"/>
									<heads>
										<head shape="diamond" pitch="C6"/>
									</heads>
								</chord>
								<chord>
									<duration base="1/16"/>
									<heads>
										<head shape="diamond" pitch="C6"/>
									</heads>
								</chord>
								<chord>
									<duration base="1/16"/>
									<heads>
										<head shape="diamond" pitch="C6"/>
									</heads>
								</chord>
								<chord>
									<duration base="1/16"/>
									<drawObjects>
										<drawObj>
											<text y="4.5" x="-1.5">
												<font pitchAndFamily="2" height="18" charSet="2" face="capella3"/>
												<content>i</content>
											</text>
										</drawObj>
									</drawObjects>
									<heads>
										<head shape="diamond" pitch="C6"/>
									</heads>
								</chord>
								<chord>
									<duration base="1/16"/>
									<heads>
										<head shape="diamond" pitch="C6"/>
									</heads>
								</chord>
								<chord>
									<duration base="1/16"/>
									<heads>
										<head shape="diamond" pitch="C6"/>
									</heads>
								</chord>
								<chord>
									<duration base="1/16"/>
									<heads>
										<head shape="diamond" pitch="C6"/>
									</heads>
								</chord>
								<chord>
									<duration base="1/8"/>
									<heads>
										<head shape="diamond" pitch="C6"/>
									</heads>
								</chord>
								<chord>
									<duration base="1/16"/>
									<heads>
										<head shape="diamond" pitch="C6"/>
									</heads>
								</chord>
								<chord>
									<duration base="1/16"/>
									<heads>
										<head shape="diamond" pitch="C6"/>
									</heads>
								</chord>
								<chord>
									<duration dots="1" base="1/8"/>
									<heads>
										<head shape="diamond" pitch="C6"/>
									</heads>
								</chord>
								<chord>
									<duration base="1/16"/>
									<heads>
										<head shape="diamond" pitch="C6"/>
									</heads>
								</chord>
								<chord>
									<duration base="1/8"/>
									<heads>
										<head shape="diamond" pitch="C6"/>
									</heads>
								</chord>
								<chord>
									<duration base="1/16"/>
									<heads>
										<head shape="diamond" pitch="C6"/>
									</heads>
								</chord>
								<chord>
									<duration base="1/16"/>
									<heads>
										<head shape="diamond" pitch="C6"/>
									</heads>
								</chord>
								<chord>
									<duration base="1/16"/>
									<heads>
										<head shape="diamond" pitch="C6"/>
									</heads>
								</chord>
								<chord>
									<duration base="1/16"/>
									<heads>
										<head shape="diamond" pitch="C6"/>
									</heads>
								</chord>
								<chord>
									<duration base="1/16"/>
									<heads>
										<head shape="diamond" pitch="C6"/>
									</heads>
								</chord>
								<chord>
									<duration base="1/16"/>
									<heads>
										<head shape="diamond" pitch="C6"/>
									</heads>
								</chord>
								<chord>
									<duration base="1/8"/>
									<heads>
										<head shape="diamond" pitch="C6"/>
									</heads>
								</chord>
								<chord>
									<duration base="1/16"/>
									<heads>
										<head shape="diamond" pitch="C6"/>
									</heads>
								</chord>
								<chord>
									<duration base="1/16"/>
									<heads>
										<head shape="diamond" pitch="C6"/>
									</heads>
								</chord>
								<chord>
									<duration dots="1" base="1/8"/>
									<heads>
										<head shape="diamond" pitch="C6"/>
									</heads>
								</chord>
								<chord>
									<duration base="1/16"/>
									<heads>
										<head shape="diamond" pitch="C6"/>
									</heads>
								</chord>
								<chord>
									<duration base="1/8"/>
									<heads>
										<head shape="diamond" pitch="C6"/>
									</heads>
								</chord>
								<chord>
									<duration base="1/16"/>
									<heads>
										<head shape="diamond" pitch="C6"/>
									</heads>
								</chord>
								<chord>
									<duration base="1/16"/>
									<heads>
										<head shape="diamond" pitch="C6"/>
									</heads>
								</chord>
							</noteObjects>
						</voice>
					</voices>
				</staff>
			</staves>
		</system>
		<system beamGrouping="2" justified="true" instrNotation="short">
			<context/><staves>
				<staff layout="1" defaultTime="4/4">
					<context/><voices>
						<voice>
							<lyricsSettings lineDist="1.5" firstLine="5">
								<font height="12" face="Times New Roman"/>
							</lyricsSettings>
							<noteObjects>
								<clefSign clef="P3"/>
								<chord>
									<duration noDuration="true" base="1/8"/>
									<display small="true"/>
									<stem tremoloBars="1" dir="up"/>
									<heads>
										<head shape="crossCircle" pitch="A6"/>
									</heads>
								</chord>
								<chord>
									<duration base="1/4">
										<tuplet count="3"/>
									</duration>
									<drawObjects>
										<drawObj>
											<bracket y2="3" orientation="down" number="3" x2="1" y1="3" x1="0"/>
											<basic noteRange="4"/>
										</drawObj>
									</drawObjects>
									<heads>
										<head shape="crossCircle" pitch="A6"/>
									</heads>
								</chord>
								<chord>
									<duration noDuration="true" base="1/8">
										<tuplet count="3"/>
									</duration>
									<display small="true"/>
									<stem tremoloBars="1" dir="up"/>
									<heads>
										<head shape="crossCircle" pitch="A6"/>
									</heads>
								</chord>
								<chord>
									<duration base="1/4">
										<tuplet count="3"/>
									</duration>
									<heads>
										<head shape="crossCircle" pitch="A6"/>
									</heads>
								</chord>
								<chord>
									<duration noDuration="true" base="1/8">
										<tuplet count="3"/>
									</duration>
									<display small="true"/>
									<stem tremoloBars="1" dir="up"/>
									<heads>
										<head shape="crossCircle" pitch="A6"/>
									</heads>
								</chord>
								<chord>
									<duration base="1/4">
										<tuplet count="3"/>
									</duration>
									<heads>
										<head shape="crossCircle" pitch="A6"/>
									</heads>
								</chord>
								<chord>
									<duration noDuration="true" base="1/8"/>
									<display small="true"/>
									<stem tremoloBars="1" dir="up"/>
									<heads>
										<head shape="crossCircle" pitch="A6"/>
									</heads>
								</chord>
								<rest>
									<duration base="1/16"/>
								</rest>
								<chord>
									<duration base="1/32"/>
									<heads>
										<head pitch="C6"/>
									</heads>
								</chord>
								<chord>
									<duration base="1/32"/>
									<heads>
										<head pitch="C6"/>
									</heads>
								</chord>
								<chord>
									<duration base="1/16"/>
									<heads>
										<head pitch="C6"/>
									</heads>
								</chord>
								<chord>
									<duration base="1/16"/>
									<heads>
										<head shape="crossCircle" pitch="A6"/>
									</heads>
								</chord>
								<chord>
									<duration base="1/16">
										<tuplet count="3"/>
									</duration>
									<drawObjects>
										<drawObj>
											<bracket y1="5" x2="1" x1="0" y2="5" number="3"/>
											<basic noteRange="2"/>
										</drawObj>
									</drawObjects>
									<heads>
										<head pitch="C6"/>
									</heads>
								</chord>
								<chord>
									<duration base="1/16">
										<tuplet count="3"/>
									</duration>
									<heads>
										<head pitch="C6"/>
									</heads>
								</chord>
								<chord>
									<duration base="1/16">
										<tuplet count="3"/>
									</duration>
									<heads>
										<head pitch="C6"/>
									</heads>
								</chord>
								<chord>
									<duration base="1/8"/>
									<heads>
										<head shape="crossCircle" pitch="A6"/>
									</heads>
								</chord>
								<chord>
									<duration base="1/16">
										<tuplet count="3"/>
									</duration>
									<drawObjects>
										<drawObj>
											<bracket y1="2.5" x2="1" x1="0" y2="2.5" number="3"/>
											<basic noteRange="2"/>
										</drawObj>
									</drawObjects>
									<heads>
										<head shape="crossCircle" pitch="A6"/>
									</heads>
								</chord>
								<chord>
									<duration base="1/16">
										<tuplet count="3"/>
									</duration>
									<heads>
										<head shape="crossCircle" pitch="A6"/>
									</heads>
								</chord>
								<chord>
									<duration base="1/16">
										<tuplet count="3"/>
									</duration>
									<beam group="divide"/>
									<heads>
										<head shape="crossCircle" pitch="A6"/>
									</heads>
								</chord>
								<chord>
									<duration base="1/16">
										<tuplet count="3"/>
									</duration>
									<drawObjects>
										<drawObj>
											<bracket y1="2.5" x2="1" x1="0" y2="5" number="3"/>
											<basic noteRange="2"/>
										</drawObj>
									</drawObjects>
									<heads>
										<head shape="crossCircle" pitch="A6"/>
									</heads>
								</chord>
								<chord>
									<duration base="1/16">
										<tuplet count="3"/>
									</duration>
									<heads>
										<head pitch="C6"/>
									</heads>
								</chord>
								<chord>
									<duration base="1/16">
										<tuplet count="3"/>
									</duration>
									<heads>
										<head pitch="C6"/>
									</heads>
								</chord>
								<chord>
									<duration dots="1" base="1/8"/>
									<heads>
										<head pitch="C6"/>
									</heads>
								</chord>
								<chord>
									<duration base="1/16"/>
									<heads>
										<head pitch="C6">
											<tie begin="true"/>
										</head>
									</heads>
								</chord>
								<chord>
									<duration base="1/8">
										<tuplet count="3"/>
									</duration>
									<drawObjects>
										<drawObj>
											<bracket y1="5" x2="1" x1="0" y2="2.5" number="3"/>
											<basic noteRange="2"/>
										</drawObj>
									</drawObjects>
									<heads>
										<head pitch="C6">
											<tie end="true"/>
										</head>
									</heads>
								</chord>
								<chord>
									<duration base="1/8">
										<tuplet count="3"/>
									</duration>
									<heads>
										<head shape="crossCircle" pitch="A6"/>
									</heads>
								</chord>
								<chord>
									<duration base="1/8">
										<tuplet count="3"/>
									</duration>
									<heads>
										<head shape="crossCircle" pitch="A6"/>
									</heads>
								</chord>
								<chord>
									<duration base="1/16"/>
									<heads>
										<head shape="crossCircle" pitch="A6"/>
									</heads>
								</chord>
								<chord>
									<duration dots="1" base="1/8"/>
									<heads>
										<head pitch="C6"/>
									</heads>
								</chord>
								<chord>
									<duration base="1/16">
										<tuplet count="3"/>
									</duration>
									<drawObjects>
										<drawObj>
											<bracket y1="2.5" x2="1" x1="0" y2="2.5" number="3"/>
											<basic noteRange="2"/>
										</drawObj>
										<drawObj>
											<text y="4.5" x="-1">
												<font pitchAndFamily="2" height="18" charSet="2" face="capella3"/>
												<content>f</content>
											</text>
										</drawObj>
									</drawObjects>
									<heads>
										<head shape="crossCircle" pitch="A6"/>
									</heads>
								</chord>
								<chord>
									<duration base="1/16">
										<tuplet count="3"/>
									</duration>
									<heads>
										<head shape="crossCircle" pitch="A6"/>
									</heads>
								</chord>
								<chord>
									<duration base="1/16">
										<tuplet count="3"/>
									</duration>
									<beam group="divide"/>
									<heads>
										<head shape="crossCircle" pitch="A6"/>
									</heads>
								</chord>
								<chord>
									<duration base="1/16">
										<tuplet count="3"/>
									</duration>
									<drawObjects>
										<drawObj>
											<bracket y1="2.5" x2="1" x1="0" y2="2.5" number="3"/>
											<basic noteRange="2"/>
										</drawObj>
									</drawObjects>
									<heads>
										<head shape="crossCircle" pitch="A6"/>
									</heads>
								</chord>
								<chord>
									<duration base="1/16">
										<tuplet count="3"/>
									</duration>
									<heads>
										<head shape="crossCircle" pitch="A6"/>
									</heads>
								</chord>
								<chord>
									<duration base="1/16">
										<tuplet count="3"/>
									</duration>
									<heads>
										<head shape="crossCircle" pitch="A6"/>
									</heads>
								</chord>
								<chord>
									<duration base="1/8"/>
									<heads>
										<head pitch="C6"/>
									</heads>
								</chord>
								<chord>
									<duration base="1/16"/>
									<heads>
										<head pitch="C6"/>
									</heads>
								</chord>
								<chord>
									<duration base="1/16"/>
									<heads>
										<head pitch="C6"/>
									</heads>
								</chord>
								<chord>
									<duration base="1/8"/>
									<heads>
										<head pitch="C6"/>
									</heads>
								</chord>
								<chord>
									<duration base="1/16"/>
									<heads>
										<head pitch="C6"/>
									</heads>
								</chord>
								<chord>
									<duration base="1/16"/>
									<heads>
										<head pitch="C6"/>
									</heads>
								</chord>
								<chord>
									<duration base="1/16"/>
									<heads>
										<head shape="crossCircle" pitch="A6"/>
									</heads>
								</chord>
								<chord>
									<duration dots="1" base="1/8"/>
									<heads>
										<head pitch="C6"/>
									</heads>
								</chord>
							</noteObjects>
						</voice>
					</voices>
				</staff>
				<staff layout="2" defaultTime="4/4">
					<context/><voices>
						<voice>
							<lyricsSettings lineDist="1.5" firstLine="5">
								<font height="12" face="Times New Roman"/>
							</lyricsSettings>
							<noteObjects>
								<clefSign clef="P3"/>
								<chord>
									<duration noDuration="true" base="1/8"/>
									<display small="true"/>
									<stem tremoloBars="1" dir="up"/>
									<heads>
										<head shape="crossCircle" pitch="A6"/>
									</heads>
								</chord>
								<chord>
									<duration base="1/4">
										<tuplet count="3"/>
									</duration>
									<drawObjects>
										<drawObj>
											<bracket y2="3" orientation="down" number="3" x2="1" y1="3" x1="0"/>
											<basic noteRange="4"/>
										</drawObj>
									</drawObjects>
									<heads>
										<head shape="crossCircle" pitch="A6"/>
									</heads>
								</chord>
								<chord>
									<duration noDuration="true" base="1/8">
										<tuplet count="3"/>
									</duration>
									<display small="true"/>
									<stem tremoloBars="1" dir="up"/>
									<heads>
										<head shape="crossCircle" pitch="A6"/>
									</heads>
								</chord>
								<chord>
									<duration base="1/4">
										<tuplet count="3"/>
									</duration>
									<heads>
										<head shape="crossCircle" pitch="A6"/>
									</heads>
								</chord>
								<chord>
									<duration noDuration="true" base="1/8">
										<tuplet count="3"/>
									</duration>
									<display small="true"/>
									<stem tremoloBars="1" dir="up"/>
									<heads>
										<head shape="crossCircle" pitch="A6"/>
									</heads>
								</chord>
								<chord>
									<duration base="1/4">
										<tuplet count="3"/>
									</duration>
									<heads>
										<head shape="crossCircle" pitch="A6"/>
									</heads>
								</chord>
								<chord>
									<duration noDuration="true" base="1/8"/>
									<display small="true"/>
									<stem tremoloBars="1" dir="up"/>
									<heads>
										<head shape="crossCircle" pitch="A6"/>
									</heads>
								</chord>
								<rest>
									<duration base="1/16"/>
								</rest>
								<chord>
									<duration base="1/32"/>
									<heads>
										<head pitch="C6"/>
									</heads>
								</chord>
								<chord>
									<duration base="1/32"/>
									<heads>
										<head pitch="C6"/>
									</heads>
								</chord>
								<chord>
									<duration base="1/16"/>
									<heads>
										<head pitch="C6"/>
									</heads>
								</chord>
								<chord>
									<duration base="1/16"/>
									<heads>
										<head shape="crossCircle" pitch="A6"/>
									</heads>
								</chord>
								<chord>
									<duration base="1/16">
										<tuplet count="3"/>
									</duration>
									<drawObjects>
										<drawObj>
											<bracket y1="5" x2="1" x1="0" y2="5" number="3"/>
											<basic noteRange="2"/>
										</drawObj>
									</drawObjects>
									<heads>
										<head pitch="C6"/>
									</heads>
								</chord>
								<chord>
									<duration base="1/16">
										<tuplet count="3"/>
									</duration>
									<heads>
										<head pitch="C6"/>
									</heads>
								</chord>
								<chord>
									<duration base="1/16">
										<tuplet count="3"/>
									</duration>
									<heads>
										<head pitch="C6"/>
									</heads>
								</chord>
								<chord>
									<duration base="1/8"/>
									<heads>
										<head shape="crossCircle" pitch="A6"/>
									</heads>
								</chord>
								<chord>
									<duration base="1/16">
										<tuplet count="3"/>
									</duration>
									<drawObjects>
										<drawObj>
											<bracket y1="2.5" x2="1" x1="0" y2="2.5" number="3"/>
											<basic noteRange="2"/>
										</drawObj>
									</drawObjects>
									<heads>
										<head shape="crossCircle" pitch="A6"/>
									</heads>
								</chord>
								<chord>
									<duration base="1/16">
										<tuplet count="3"/>
									</duration>
									<heads>
										<head shape="crossCircle" pitch="A6"/>
									</heads>
								</chord>
								<chord>
									<duration base="1/16">
										<tuplet count="3"/>
									</duration>
									<beam group="divide"/>
									<heads>
										<head shape="crossCircle" pitch="A6"/>
									</heads>
								</chord>
								<chord>
									<duration base="1/16">
										<tuplet count="3"/>
									</duration>
									<drawObjects>
										<drawObj>
											<bracket y1="2.5" x2="1" x1="0" y2="5" number="3"/>
											<basic noteRange="2"/>
										</drawObj>
									</drawObjects>
									<heads>
										<head shape="crossCircle" pitch="A6"/>
									</heads>
								</chord>
								<chord>
									<duration base="1/16">
										<tuplet count="3"/>
									</duration>
									<heads>
										<head pitch="C6"/>
									</heads>
								</chord>
								<chord>
									<duration base="1/16">
										<tuplet count="3"/>
									</duration>
									<heads>
										<head pitch="C6"/>
									</heads>
								</chord>
								<chord>
									<duration dots="1" base="1/8"/>
									<heads>
										<head pitch="C6"/>
									</heads>
								</chord>
								<chord>
									<duration base="1/16"/>
									<heads>
										<head pitch="C6">
											<tie begin="true"/>
										</head>
									</heads>
								</chord>
								<chord>
									<duration base="1/8">
										<tuplet count="3"/>
									</duration>
									<drawObjects>
										<drawObj>
											<bracket y1="5" x2="1" x1="0" y2="2.5" number="3"/>
											<basic noteRange="2"/>
										</drawObj>
									</drawObjects>
									<heads>
										<head pitch="C6">
											<tie end="true"/>
										</head>
									</heads>
								</chord>
								<chord>
									<duration base="1/8">
										<tuplet count="3"/>
									</duration>
									<heads>
										<head shape="crossCircle" pitch="A6"/>
									</heads>
								</chord>
								<chord>
									<duration base="1/8">
										<tuplet count="3"/>
									</duration>
									<heads>
										<head shape="crossCircle" pitch="A6"/>
									</heads>
								</chord>
								<chord>
									<duration base="1/16"/>
									<heads>
										<head shape="crossCircle" pitch="A6"/>
									</heads>
								</chord>
								<chord>
									<duration dots="1" base="1/8"/>
									<heads>
										<head pitch="C6"/>
									</heads>
								</chord>
								<chord>
									<duration base="1/16">
										<tuplet count="3"/>
									</duration>
									<drawObjects>
										<drawObj>
											<bracket y1="2.5" x2="1" x1="0" y2="2.5" number="3"/>
											<basic noteRange="2"/>
										</drawObj>
										<drawObj>
											<text y="4.5" x="-1">
												<font pitchAndFamily="2" height="18" charSet="2" face="capella3"/>
												<content>f</content>
											</text>
										</drawObj>
									</drawObjects>
									<heads>
										<head shape="crossCircle" pitch="A6"/>
									</heads>
								</chord>
								<chord>
									<duration base="1/16">
										<tuplet count="3"/>
									</duration>
									<heads>
										<head shape="crossCircle" pitch="A6"/>
									</heads>
								</chord>
								<chord>
									<duration base="1/16">
										<tuplet count="3"/>
									</duration>
									<beam group="divide"/>
									<heads>
										<head shape="crossCircle" pitch="A6"/>
									</heads>
								</chord>
								<chord>
									<duration base="1/16">
										<tuplet count="3"/>
									</duration>
									<drawObjects>
										<drawObj>
											<bracket y1="2.5" x2="1" x1="0" y2="2.5" number="3"/>
											<basic noteRange="2"/>
										</drawObj>
									</drawObjects>
									<heads>
										<head shape="crossCircle" pitch="A6"/>
									</heads>
								</chord>
								<chord>
									<duration base="1/16">
										<tuplet count="3"/>
									</duration>
									<heads>
										<head shape="crossCircle" pitch="A6"/>
									</heads>
								</chord>
								<chord>
									<duration base="1/16">
										<tuplet count="3"/>
									</duration>
									<heads>
										<head shape="crossCircle" pitch="A6"/>
									</heads>
								</chord>
								<chord>
									<duration base="1/8"/>
									<heads>
										<head pitch="C6"/>
									</heads>
								</chord>
								<chord>
									<duration base="1/16"/>
									<heads>
										<head pitch="C6"/>
									</heads>
								</chord>
								<chord>
									<duration base="1/16"/>
									<heads>
										<head pitch="C6"/>
									</heads>
								</chord>
								<chord>
									<duration base="1/8"/>
									<heads>
										<head pitch="C6"/>
									</heads>
								</chord>
								<chord>
									<duration base="1/16"/>
									<heads>
										<head pitch="C6"/>
									</heads>
								</chord>
								<chord>
									<duration base="1/16"/>
									<heads>
										<head pitch="C6"/>
									</heads>
								</chord>
								<chord>
									<duration base="1/16"/>
									<heads>
										<head shape="crossCircle" pitch="A6"/>
									</heads>
								</chord>
								<chord>
									<duration dots="1" base="1/8"/>
									<heads>
										<head pitch="C6"/>
									</heads>
								</chord>
							</noteObjects>
						</voice>
					</voices>
				</staff>
				<staff layout="3" defaultTime="4/4">
					<context/><voices>
						<voice>
							<lyricsSettings lineDist="1.5" firstLine="5">
								<font height="12" face="Times New Roman"/>
							</lyricsSettings>
							<noteObjects>
								<clefSign clef="P3"/>
								<chord>
									<duration base="1/16"/>
									<heads>
										<head shape="crossCircle" pitch="A6"/>
									</heads>
								</chord>
								<chord>
									<duration dots="1" base="1/8"/>
									<heads>
										<head shape="crossCircle" pitch="A6"/>
									</heads>
								</chord>
								<chord>
									<duration dots="1" base="1/4"/>
									<heads>
										<head shape="diamond" pitch="C6"/>
									</heads>
								</chord>
								<chord>
									<duration base="1/8"/>
									<heads>
										<head shape="diamond" pitch="C6"/>
									</heads>
								</chord>
								<chord>
									<duration base="1/8"/>
									<heads>
										<head shape="crossCircle" pitch="A6"/>
									</heads>
								</chord>
								<chord>
									<duration base="1/8"/>
									<heads>
										<head shape="crossCircle" pitch="A6"/>
									</heads>
								</chord>
								<chord>
									<duration base="1/16"/>
									<heads>
										<head shape="crossCircle" pitch="A6"/>
									</heads>
								</chord>
								<chord>
									<duration dots="1" base="1/8"/>
									<heads>
										<head shape="crossCircle" pitch="A6"/>
									</heads>
								</chord>
								<chord>
									<duration dots="1" base="1/4"/>
									<heads>
										<head shape="diamond" pitch="C6"/>
									</heads>
								</chord>
								<chord>
									<duration base="1/8"/>
									<heads>
										<head shape="diamond" pitch="C6"/>
									</heads>
								</chord>
								<chord>
									<duration base="1/8"/>
									<heads>
										<head shape="crossCircle" pitch="A6"/>
									</heads>
								</chord>
								<chord>
									<duration base="1/8"/>
									<heads>
										<head shape="crossCircle" pitch="A6"/>
									</heads>
								</chord>
								<chord>
									<duration base="1/16"/>
									<heads>
										<head shape="crossCircle" pitch="A6"/>
									</heads>
								</chord>
								<chord>
									<duration dots="1" base="1/8"/>
									<heads>
										<head shape="crossCircle" pitch="A6"/>
									</heads>
								</chord>
								<chord>
									<duration dots="1" base="1/4"/>
									<heads>
										<head shape="diamond" pitch="C6"/>
									</heads>
								</chord>
								<chord>
									<duration base="1/8"/>
									<heads>
										<head shape="diamond" pitch="C6"/>
									</heads>
								</chord>
								<chord>
									<duration base="1/8"/>
									<heads>
										<head shape="crossCircle" pitch="A6"/>
									</heads>
								</chord>
								<chord>
									<duration base="1/8"/>
									<heads>
										<head shape="crossCircle" pitch="A6"/>
									</heads>
								</chord>
							</noteObjects>
						</voice>
					</voices>
				</staff>
				<staff layout="4" defaultTime="4/4">
					<context/><voices>
						<voice>
							<lyricsSettings lineDist="1.5" firstLine="5">
								<font height="12" face="Times New Roman"/>
							</lyricsSettings>
							<noteObjects>
								<clefSign clef="P3"/>
								<chord>
									<duration base="1/8"/>
									<heads>
										<head shape="diamond" pitch="C6"/>
									</heads>
								</chord>
								<chord>
									<duration base="1/8"/>
									<heads>
										<head shape="diamond" pitch="C6"/>
									</heads>
								</chord>
								<chord>
									<duration base="1/8"/>
									<heads>
										<head shape="crossCircle" pitch="A6"/>
									</heads>
								</chord>
								<chord>
									<duration base="1/8"/>
									<heads>
										<head shape="diamond" pitch="C6"/>
									</heads>
								</chord>
								<chord>
									<duration base="1/16"/>
									<heads>
										<head shape="diamond" pitch="C6"/>
									</heads>
								</chord>
								<chord>
									<duration dots="1" base="1/8"/>
									<heads>
										<head shape="crossCircle" pitch="A6"/>
									</heads>
								</chord>
								<chord>
									<duration base="1/4"/>
									<heads>
										<head shape="diamond" pitch="C6"/>
									</heads>
								</chord>
								<chord>
									<duration base="1/8"/>
									<heads>
										<head shape="diamond" pitch="C6"/>
									</heads>
								</chord>
								<chord>
									<duration base="1/8"/>
									<heads>
										<head shape="diamond" pitch="C6"/>
									</heads>
								</chord>
								<chord>
									<duration base="1/8"/>
									<heads>
										<head shape="crossCircle" pitch="A6"/>
									</heads>
								</chord>
								<chord>
									<duration base="1/8"/>
									<heads>
										<head shape="diamond" pitch="C6"/>
									</heads>
								</chord>
								<chord>
									<duration base="1/16"/>
									<heads>
										<head shape="diamond" pitch="C6"/>
									</heads>
								</chord>
								<chord>
									<duration dots="1" base="1/8"/>
									<heads>
										<head shape="crossCircle" pitch="A6"/>
									</heads>
								</chord>
								<chord>
									<duration base="1/4"/>
									<heads>
										<head shape="diamond" pitch="C6"/>
									</heads>
								</chord>
								<chord>
									<duration base="1/8"/>
									<heads>
										<head shape="diamond" pitch="C6"/>
									</heads>
								</chord>
								<chord>
									<duration base="1/8"/>
									<heads>
										<head shape="diamond" pitch="C6"/>
									</heads>
								</chord>
								<chord>
									<duration base="1/8"/>
									<heads>
										<head shape="crossCircle" pitch="A6"/>
									</heads>
								</chord>
								<chord>
									<duration base="1/8"/>
									<heads>
										<head shape="diamond" pitch="C6"/>
									</heads>
								</chord>
								<chord>
									<duration base="1/16"/>
									<heads>
										<head shape="diamond" pitch="C6"/>
									</heads>
								</chord>
								<chord>
									<duration dots="1" base="1/8"/>
									<heads>
										<head shape="crossCircle" pitch="A6"/>
									</heads>
								</chord>
								<chord>
									<duration base="1/4"/>
									<heads>
										<head shape="diamond" pitch="C6"/>
									</heads>
								</chord>
							</noteObjects>
						</voice>
					</voices>
				</staff>
				<staff layout="" defaultTime="4/4">
					<context/><voices>
						<voice>
							<lyricsSettings lineDist="1.5" firstLine="5">
								<font height="12" face="Times New Roman"/>
							</lyricsSettings>
							<noteObjects>
								<clefSign clef="P3"/>
								<chord>
									<duration base="1/16"/>
									<heads>
										<head shape="diamond" pitch="C6"/>
									</heads>
								</chord>
								<chord>
									<duration base="1/16"/>
									<heads>
										<head shape="diamond" pitch="C6"/>
									</heads>
								</chord>
								<chord>
									<duration base="1/16"/>
									<heads>
										<head shape="diamond" pitch="C6"/>
									</heads>
								</chord>
								<chord>
									<duration base="1/16"/>
									<heads>
										<head shape="diamond" pitch="C6"/>
									</heads>
								</chord>
								<chord>
									<duration base="1/8"/>
									<heads>
										<head shape="diamond" pitch="C6"/>
									</heads>
								</chord>
								<chord>
									<duration base="1/16"/>
									<heads>
										<head shape="diamond" pitch="C6"/>
									</heads>
								</chord>
								<chord>
									<duration base="1/16"/>
									<heads>
										<head shape="diamond" pitch="C6"/>
									</heads>
								</chord>
								<chord>
									<duration dots="1" base="1/8"/>
									<heads>
										<head shape="diamond" pitch="C6"/>
									</heads>
								</chord>
								<chord>
									<duration base="1/16"/>
									<heads>
										<head shape="diamond" pitch="C6"/>
									</heads>
								</chord>
								<chord>
									<duration base="1/8"/>
									<heads>
										<head shape="diamond" pitch="C6"/>
									</heads>
								</chord>
								<chord>
									<duration base="1/16"/>
									<heads>
										<head shape="diamond" pitch="C6"/>
									</heads>
								</chord>
								<chord>
									<duration base="1/16"/>
									<heads>
										<head shape="diamond" pitch="C6"/>
									</heads>
								</chord>
								<chord>
									<duration base="1/16"/>
									<heads>
										<head shape="diamond" pitch="C6"/>
									</heads>
								</chord>
								<chord>
									<duration base="1/16"/>
									<heads>
										<head shape="diamond" pitch="C6"/>
									</heads>
								</chord>
								<chord>
									<duration base="1/16"/>
									<heads>
										<head shape="diamond" pitch="C6"/>
									</heads>
								</chord>
								<chord>
									<duration base="1/16"/>
									<heads>
										<head shape="diamond" pitch="C6"/>
									</heads>
								</chord>
								<chord>
									<duration base="1/8"/>
									<heads>
										<head shape="diamond" pitch="C6"/>
									</heads>
								</chord>
								<chord>
									<duration base="1/16"/>
									<heads>
										<head shape="diamond" pitch="C6"/>
									</heads>
								</chord>
								<chord>
									<duration base="1/16"/>
									<heads>
										<head shape="diamond" pitch="C6"/>
									</heads>
								</chord>
								<chord>
									<duration dots="1" base="1/8"/>
									<heads>
										<head shape="diamond" pitch="C6"/>
									</heads>
								</chord>
								<chord>
									<duration base="1/16"/>
									<heads>
										<head shape="diamond" pitch="C6"/>
									</heads>
								</chord>
								<chord>
									<duration base="1/8"/>
									<heads>
										<head shape="diamond" pitch="C6"/>
									</heads>
								</chord>
								<chord>
									<duration base="1/16"/>
									<heads>
										<head shape="diamond" pitch="C6"/>
									</heads>
								</chord>
								<chord>
									<duration base="1/16"/>
									<heads>
										<head shape="diamond" pitch="C6"/>
									</heads>
								</chord>
								<chord>
									<duration base="1/16"/>
									<heads>
										<head shape="diamond" pitch="C6"/>
									</heads>
								</chord>
								<chord>
									<duration base="1/16"/>
									<heads>
										<head shape="diamond" pitch="C6"/>
									</heads>
								</chord>
								<chord>
									<duration base="1/16"/>
									<heads>
										<head shape="diamond" pitch="C6"/>
									</heads>
								</chord>
								<chord>
									<duration base="1/16"/>
									<heads>
										<head shape="diamond" pitch="C6"/>
									</heads>
								</chord>
								<chord>
									<duration base="1/8"/>
									<heads>
										<head shape="diamond" pitch="C6"/>
									</heads>
								</chord>
								<chord>
									<duration base="1/16"/>
									<heads>
										<head shape="diamond" pitch="C6"/>
									</heads>
								</chord>
								<chord>
									<duration base="1/16"/>
									<heads>
										<head shape="diamond" pitch="C6"/>
									</heads>
								</chord>
								<chord>
									<duration dots="1" base="1/8"/>
									<heads>
										<head shape="diamond" pitch="C6"/>
									</heads>
								</chord>
								<chord>
									<duration base="1/16"/>
									<heads>
										<head shape="diamond" pitch="C6"/>
									</heads>
								</chord>
								<chord>
									<duration base="1/8"/>
									<heads>
										<head shape="diamond" pitch="C6"/>
									</heads>
								</chord>
								<chord>
									<duration base="1/16"/>
									<heads>
										<head shape="diamond" pitch="C6"/>
									</heads>
								</chord>
								<chord>
									<duration base="1/16"/>
									<heads>
										<head shape="diamond" pitch="C6"/>
									</heads>
								</chord>
							</noteObjects>
						</voice>
					</voices>
				</staff>
			</staves>
		</system>
	</systems>
</score>
</piece>
</smr>
