<?xml version="1.0" encoding="ISO-8859-1" standalone="yes"?>
<smr>
<piece>
<score>
	<layout>
		<pages top="20" right="20" bottom="20" left="20"/>
		<distances>
			<staffLines small="1.2" pageObj="1.8" normal="1.54"/>
			<systems top="4" between="0"/>
		</distances>
		<instrumentNames>
			<font height="12" face="Times New Roman"/>
		</instrumentNames>
		<staves>
			<staffLayout description="Klavier1">
				<notation defaultClef="treble">
					<barlines to="7" from="3"/>
				</notation>
				<distances top="10" bottom="6"/>
				<instrument abbrev="" name=""/>
				<sound volume="127" instr="0"/>
			</staffLayout>
			<staffLayout description="Klavier2">
				<notation defaultClef="bass">
					<barlines to="7" from="3" mode="internal"/>
				</notation>
				<distances top="7" bottom="9"/>
				<instrument abbrev="" name=""/>
				<sound volume="127" instr="0"/>
			</staffLayout>
		</staves>
		<brackets>
			<bracket to="1" from="0" curly="true"/>
		</brackets>
		<spacing allowCompression="true" abs="16" rel="75"/>
		<beamFlattening to="29" toMax="55" from="49" fromMax="148"/>
	</layout>
	<systems>
		<system justified="true" instrNotation="long">
			<context/><staves>
				<staff layout="Klavier1" defaultTime="3/8">
					<context/><voices>
						<voice stemDir="up">
							<lyricsSettings lineDist="1.5" firstLine="5">
								<font height="12" face="Times New Roman"/>
							</lyricsSettings>
							<noteObjects>
								<clefSign clef="treble"/>
								<keySign fifths="-6"/>
								<chord>
									<duration base="1/16"/>
									<drawObjects>
										<drawObj>
											<slur y2="-7.3125" x2="-0.46875" y1="-5.3125" x3="-1" y3="-8.34375" x1="-2.0625" y4="-5.5" x4="0.25"/>
											<basic noteRange="5"/>
										</drawObj>
										<drawObj>
											<text y="-4.5" x="0">
												<font height="6" weight="700" face="Book Antiqua"/>
												<content>3</content>
											</text>
										</drawObj>
										<drawObj>
											<text y="-3.5" x="0">
												<font height="6" weight="700" face="Book Antiqua"/>
												<content>1</content>
											</text>
										</drawObj>
									</drawObjects>
									<heads>
										<head pitch="D6"/>
										<head pitch="F6"/>
									</heads>
								</chord>
								<chord>
									<duration base="1/16"/>
									<drawObjects>
										<drawObj>
											<text y="-2" x="1.5">
												<font height="6" weight="700" face="Book Antiqua"/>
												<content>4</content>
											</text>
										</drawObj>
										<drawObj>
											<text y="-1" x="1.5">
												<font height="6" weight="700" face="Book Antiqua"/>
												<content>2</content>
											</text>
										</drawObj>
									</drawObjects>
									<heads>
										<head pitch="E6">
											<alter step="-1"/>
										</head>
										<head pitch="G6">
											<alter step="-1"/>
										</head>
									</heads>
								</chord>
								<chord>
									<duration base="1/16"/>
									<drawObjects>
										<drawObj>
											<text y="1" x="0">
												<font height="6" weight="700" face="Book Antiqua"/>
												<content>3</content>
											</text>
										</drawObj>
										<drawObj>
											<text y="2" x="0">
												<font height="6" weight="700" face="Book Antiqua"/>
												<content>1</content>
											</text>
										</drawObj>
									</drawObjects>
									<heads>
										<head pitch="D6">
											<alter step="-1"/>
										</head>
										<head pitch="F6"/>
									</heads>
								</chord>
								<chord>
									<duration base="1/16"/>
									<drawObjects>
										<drawObj>
											<text y="2" x="0">
												<font height="6" weight="700" face="Book Antiqua"/>
												<content>4</content>
											</text>
										</drawObj>
										<drawObj>
											<text y="3" x="0">
												<font height="6" weight="700" face="Book Antiqua"/>
												<content>2</content>
											</text>
										</drawObj>
									</drawObjects>
									<heads>
										<head pitch="B5"/>
										<head pitch="D6"/>
									</heads>
								</chord>
								<chord>
									<duration base="1/16"/>
									<drawObjects>
										<drawObj>
											<wedge y2="7" lineWidth="0.1" decrescendo="true" x2="0.5" y1="7" x1="0"/>
											<basic noteRange="2"/>
										</drawObj>
									</drawObjects>
									<heads>
										<head pitch="D6">
											<alter step="-1"/>
										</head>
										<head pitch="F6"/>
									</heads>
								</chord>
								<chord>
									<duration base="1/16"/>
									<heads>
										<head pitch="C6"/>
										<head pitch="E6">
											<alter step="-1"/>
										</head>
									</heads>
								</chord>
								<chord>
									<duration base="1/4"/>
									<drawObjects>
										<drawObj>
											<slur y2="-3.4375" x2="2.53125" y1="-2" x3="-0.6875" y3="-3.03125" x1="1.5" y4="-1.5" x4="0.25"/>
											<basic noteRange="1"/>
										</drawObj>
									</drawObjects>
									<heads>
										<head pitch="B5">
											<alter step="-1" display="force"/>
										</head>
										<head pitch="D6">
											<alter step="-1" display="force"/>
										</head>
									</heads>
								</chord>
								<chord>
									<duration base="1/8"/>
									<display xShift="-0.5"/>
									<heads>
										<head pitch="A5"/>
										<head pitch="C6"/>
									</heads>
								</chord>
								<chord>
									<duration base="1/16"/>
									<drawObjects>
										<drawObj>
											<text y="5" x="0">
												<font height="6" weight="700" face="Book Antiqua"/>
												<content>4</content>
											</text>
										</drawObj>
										<drawObj>
											<text y="6" x="0">
												<font height="6" weight="700" face="Book Antiqua"/>
												<content>2</content>
											</text>
										</drawObj>
									</drawObjects>
									<heads>
										<head pitch="B4"/>
										<head pitch="D5"/>
									</heads>
								</chord>
								<chord>
									<duration base="1/16"/>
									<heads>
										<head pitch="C5"/>
										<head pitch="E5">
											<alter step="-1"/>
										</head>
									</heads>
								</chord>
								<chord>
									<duration base="1/16"/>
									<heads>
										<head pitch="B4">
											<alter step="-1"/>
										</head>
										<head pitch="D5">
											<alter step="-1"/>
										</head>
									</heads>
								</chord>
								<chord>
									<duration base="1/16"/>
									<drawObjects>
										<drawObj>
											<text y="-3.5" x="0">
												<font height="6" weight="700" face="Book Antiqua"/>
												<content>3</content>
											</text>
										</drawObj>
										<drawObj>
											<text y="-2.5" x="0">
												<font height="6" weight="700" face="Book Antiqua"/>
												<content>1</content>
											</text>
										</drawObj>
									</drawObjects>
									<heads>
										<head pitch="G4">
											<alter step="1"/>
										</head>
										<head pitch="B4"/>
									</heads>
								</chord>
								<chord>
									<duration base="1/16"/>
									<drawObjects>
										<drawObj>
											<text y="-3.5" x="0">
												<font height="6" weight="700" face="Book Antiqua"/>
												<content>5</content>
											</text>
										</drawObj>
										<drawObj>
											<text y="-2.5" x="0">
												<font height="6" weight="700" face="Book Antiqua"/>
												<content>2</content>
											</text>
										</drawObj>
									</drawObjects>
									<heads>
										<head pitch="B4">
											<alter step="-1" display="force"/>
										</head>
										<head pitch="D5">
											<alter step="-1" display="force"/>
										</head>
									</heads>
								</chord>
								<chord>
									<duration base="1/16"/>
									<drawObjects>
										<drawObj>
											<text y="-3.5" x="0">
												<font height="6" weight="700" face="Book Antiqua"/>
												<content>4</content>
											</text>
										</drawObj>
										<drawObj>
											<text y="-2.5" x="0">
												<font height="6" weight="700" face="Book Antiqua"/>
												<content>1</content>
											</text>
										</drawObj>
									</drawObjects>
									<heads>
										<head pitch="A4"/>
										<head pitch="C5"/>
									</heads>
								</chord>
								<chord>
									<duration base="1/8"/>
									<heads>
										<head pitch="C5"/>
										<head pitch="E5">
											<alter step="-1"/>
										</head>
									</heads>
								</chord>
								<chord>
									<duration base="1/8"/>
									<display xShift="0.5"/>
									<heads>
										<head pitch="B4">
											<alter step="-1"/>
										</head>
										<head pitch="D5">
											<alter step="-1"/>
										</head>
									</heads>
								</chord>
								<rest>
									<duration base="1/8"/>
									<display invisible="true"/>
								</rest>
							</noteObjects>
						</voice>
						<voice stemDir="down">
							<lyricsSettings lineDist="1.5" firstLine="5">
								<font height="12" face="Times New Roman"/>
							</lyricsSettings>
							<noteObjects>
								<clefSign clef="treble"/>
								<keySign fifths="-6"/>
								<rest>
									<duration base="1/4"/>
									<display invisible="true"/>
								</rest>
								<chord>
									<duration base="1/8"/>
									<drawObjects>
										<drawObj>
											<slur y2="15.46875" x2="64.40625" y1="5" x3="-11.875" y3="-17.9375" x1="0.75" y4="-14.84375" x4="-1.21875"/>
											<basic noteRange="7"/>
										</drawObj>
									</drawObjects>
									<heads>
										<head pitch="G5">
											<alter step="-1"/>
											<tie begin="true"/>
										</head>
									</heads>
								</chord>
								<chord>
									<duration dots="1" base="1/8"/>
									<heads>
										<head pitch="E5">
											<alter step="-1"/>
											<tie end="true"/>
										</head>
										<head pitch="G5">
											<alter step="-1"/>
											<tie end="true"/>
										</head>
									</heads>
								</chord>
								<chord>
									<duration base="1/16"/>
									<heads>
										<head pitch="D5"/>
										<head pitch="F5"/>
									</heads>
								</chord>
								<chord>
									<duration base="1/16"/>
									<display xShift="0.5"/>
									<heads>
										<head pitch="E5">
											<alter step="-1"/>
										</head>
										<head pitch="G5">
											<alter step="-1"/>
										</head>
									</heads>
								</chord>
								<chord>
									<duration base="1/16"/>
									<drawObjects>
										<drawObj>
											<text y="4" x="0.5">
												<font height="6" weight="700" face="Book Antiqua"/>
												<content>2</content>
											</text>
										</drawObj>
										<drawObj>
											<text y="5" x="0.5">
												<font height="6" weight="700" face="Book Antiqua"/>
												<content>1</content>
											</text>
										</drawObj>
									</drawObjects>
									<heads>
										<head pitch="D5">
											<alter step="-1"/>
										</head>
										<head pitch="F5"/>
									</heads>
								</chord>
								<rest>
									<duration base="1"/>
									<display invisible="true" churchStyle="true"/>
								</rest>
								<chord>
									<duration dots="1" base="1/8"/>
									<display notationStaff="down"/>
									<beam shift="9"/>
									<drawObjects>
										<drawObj>
											<slur y2="-12.0625" x2="1.125" y1="-4.6875" x3="-11.1875" y3="-6.53125" x1="0.53125" y4="-2.875" x4="4.78125"/>
											<basic noteRange="3"/>
										</drawObj>
										<drawObj>
											<text y="4.5" x="0">
												<font height="10" italic="true" face="Times New Roman"/>
												<content>dolce</content>
											</text>
										</drawObj>
									</drawObjects>
									<heads>
										<head pitch="D6">
											<alter step="-1"/>
										</head>
										<head pitch="F6"/>
									</heads>
								</chord>
								<chord>
									<duration base="1/16"/>
									<display xShift="0.5" notationStaff="down"/>
									<drawObjects>
										<drawObj>
											<text y="4.5" x="0.5">
												<font pitchAndFamily="2" height="18" charSet="2" face="capella3"/>
												<content>b</content>
											</text>
										</drawObj>
									</drawObjects>
									<heads>
										<head pitch="C6"/>
										<head pitch="E6"/>
									</heads>
								</chord>
								<chord>
									<duration base="1/16"/>
									<heads>
										<head pitch="D6">
											<alter step="-1"/>
										</head>
										<head pitch="F6"/>
									</heads>
								</chord>
								<chord>
									<duration base="1/16"/>
									<heads>
										<head pitch="B5">
											<alter step="-1"/>
										</head>
										<head pitch="D6">
											<alter step="-1"/>
										</head>
									</heads>
								</chord>
							</noteObjects>
						</voice>
					</voices>
				</staff>
				<staff layout="Klavier2" defaultTime="3/8">
					<context/><voices>
						<voice>
							<lyricsSettings lineDist="1.5" firstLine="5">
								<font height="12" face="Times New Roman"/>
							</lyricsSettings>
							<noteObjects>
								<clefSign clef="bass"/>
								<keySign fifths="-6"/>
								<rest>
									<duration base="1/32"/>
								</rest>
								<chord>
									<duration base="1/32"/>
									<drawObjects>
										<drawObj>
											<slur y2="8.84375" x2="2.21875" y1="7.5" x3="-0.875" y3="4.15625" x1="0.75" y4="2.25" x4="-0.5"/>
											<basic noteRange="7"/>
										</drawObj>
										<drawObj>
											<text y="10" x="0">
												<font pitchAndFamily="2" height="18" charSet="2" face="capella3"/>
												<content>a</content>
											</text>
										</drawObj>
									</drawObjects>
									<heads>
										<head pitch="E2">
											<alter step="-1"/>
										</head>
									</heads>
								</chord>
								<chord>
									<duration base="1/32"/>
									<heads>
										<head pitch="E3">
											<alter step="-1"/>
										</head>
									</heads>
								</chord>
								<chord>
									<duration base="1/32"/>
									<beam group="split"/>
									<heads>
										<head pitch="G3">
											<alter step="-1"/>
										</head>
									</heads>
								</chord>
								<chord>
									<duration base="1/32"/>
									<heads>
										<head pitch="C4"/>
									</heads>
								</chord>
								<chord>
									<duration base="1/32"/>
									<heads>
										<head pitch="E4">
											<alter step="-1"/>
										</head>
									</heads>
								</chord>
								<chord>
									<duration base="1/32"/>
									<heads>
										<head pitch="G4">
											<alter step="-1"/>
										</head>
									</heads>
								</chord>
								<chord>
									<duration base="1/32"/>
									<beam group="split"/>
									<heads>
										<head pitch="C5"/>
									</heads>
								</chord>
								<chord>
									<duration base="1/8"/>
									<drawObjects>
										<drawObj>
											<text y="5" x="0">
												<font pitchAndFamily="2" height="18" charSet="2" face="capella3"/>
												<content>b</content>
											</text>
										</drawObj>
									</drawObjects>
									<heads>
										<head pitch="E5">
											<alter step="-1"/>
										</head>
									</heads>
								</chord>
								<chord>
									<duration base="1/16"/>
									<drawObjects>
										<drawObj>
											<slur y2="9.09375" x2="2.15625" y1="7" x3="-0.96875" y3="4.15625" x1="0.75" y4="1.75" x4="-0.5"/>
											<basic noteRange="7"/>
										</drawObj>
									</drawObjects>
									<heads>
										<head pitch="F2"/>
									</heads>
								</chord>
								<chord>
									<duration base="1/32"/>
									<heads>
										<head pitch="F3"/>
									</heads>
								</chord>
								<chord>
									<duration base="1/32"/>
									<beam group="split"/>
									<heads>
										<head pitch="A3"/>
									</heads>
								</chord>
								<chord>
									<duration base="1/32"/>
									<heads>
										<head pitch="C4"/>
									</heads>
								</chord>
								<chord>
									<duration base="1/32"/>
									<heads>
										<head pitch="E4">
											<alter step="-1"/>
										</head>
									</heads>
								</chord>
								<chord>
									<duration base="1/32"/>
									<heads>
										<head pitch="A4"/>
									</heads>
								</chord>
								<chord>
									<duration base="1/32"/>
									<beam group="split"/>
									<heads>
										<head pitch="C5"/>
									</heads>
								</chord>
								<chord>
									<duration base="1/16"/>
									<heads>
										<head pitch="F4"/>
									</heads>
								</chord>
								<rest>
									<duration base="1/16"/>
								</rest>
								<rest>
									<duration base="1/32"/>
								</rest>
								<chord>
									<duration base="1/32"/>
									<drawObjects>
										<drawObj>
											<slur y2="7.96875" x2="2.15625" y1="7" x3="-0.21875" y3="5.0625" x1="0.75" y4="3.5" x4="0.25"/>
											<basic noteRange="5"/>
										</drawObj>
									</drawObjects>
									<heads>
										<head pitch="F2"/>
									</heads>
								</chord>
								<chord>
									<duration base="1/32"/>
									<heads>
										<head pitch="F3"/>
									</heads>
								</chord>
								<chord>
									<duration base="1/32"/>
									<beam group="split"/>
									<heads>
										<head pitch="A3"/>
									</heads>
								</chord>
								<chord>
									<duration base="1/32"/>
									<heads>
										<head pitch="C4"/>
									</heads>
								</chord>
								<chord>
									<duration base="1/32"/>
									<heads>
										<head pitch="E4">
											<alter step="-1"/>
										</head>
									</heads>
								</chord>
								<chord>
									<duration base="1/32"/>
									<heads>
										<head pitch="F3"/>
									</heads>
								</chord>
								<rest>
									<duration base="1/32"/>
								</rest>
								<rest>
									<duration base="1/32"/>
								</rest>
								<chord>
									<duration base="1/32"/>
									<beam group="split"/>
									<drawObjects>
										<drawObj>
											<slur y2="7.8125" x2="2.21875" y1="7" x3="0" y3="7.0625" x1="0.75" y4="4.75" x4="0.25"/>
											<basic noteRange="3"/>
										</drawObj>
									</drawObjects>
									<heads>
										<head pitch="F2"/>
									</heads>
								</chord>
								<chord>
									<duration base="1/32">
										<tuplet count="3"/>
									</duration>
									<drawObjects>
										<drawObj>
											<bracket y1="6.5" x2="1" x1="0" y2="5" number="3"/>
											<basic noteRange="2"/>
										</drawObj>
									</drawObjects>
									<heads>
										<head pitch="F3"/>
									</heads>
								</chord>
								<chord>
									<duration base="1/32">
										<tuplet count="3"/>
									</duration>
									<heads>
										<head pitch="B2">
											<alter step="-1"/>
										</head>
									</heads>
								</chord>
								<chord>
									<duration base="1/32">
										<tuplet count="3"/>
									</duration>
									<drawObjects>
										<drawObj>
											<text y="4.5" x="0">
												<font pitchAndFamily="2" height="18" charSet="2" face="capella3"/>
												<content>a</content>
											</text>
										</drawObj>
									</drawObjects>
									<heads>
										<head pitch="B3">
											<alter step="-1"/>
										</head>
									</heads>
								</chord>
								<clefSign clef="treble"/>
								<rest>
									<duration base="1/4"/>
									<display invisible="true"/>
								</rest>
								<rest>
									<duration noDuration="true" base="1/128"/>
									<display invisible="true" xShift="0.5"/>
								</rest>
								<clefSign clef="bass"/>
								<rest>
									<duration base="1/32"/>
								</rest>
								<chord>
									<duration base="1/32"/>
									<beam group="split"/>
									<drawObjects>
										<drawObj>
											<slur y2="6.78125" x2="1.4375" y1="5" x3="-0.4375" y3="9.21875" x1="0.75" y4="6" x4="0.25"/>
											<basic noteRange="3"/>
										</drawObj>
									</drawObjects>
									<heads>
										<head pitch="B3">
											<alter step="-1"/>
										</head>
									</heads>
								</chord>
								<chord>
									<duration base="1/32">
										<tuplet count="3"/>
									</duration>
									<drawObjects>
										<drawObj>
											<bracket y1="8" x2="1" x1="0" y2="5.5" number="3"/>
											<basic noteRange="2"/>
										</drawObj>
									</drawObjects>
									<heads>
										<head pitch="B2">
											<alter step="-1"/>
										</head>
									</heads>
								</chord>
								<chord>
									<duration base="1/32">
										<tuplet count="3"/>
									</duration>
									<heads>
										<head pitch="G2">
											<alter step="-1"/>
										</head>
									</heads>
								</chord>
								<chord>
									<duration base="1/32">
										<tuplet count="3"/>
									</duration>
									<drawObjects>
										<drawObj>
											<text y="5" x="0.5">
												<font pitchAndFamily="2" height="18" charSet="2" face="capella3"/>
												<content>a</content>
											</text>
										</drawObj>
									</drawObjects>
									<heads>
										<head pitch="G3">
											<alter step="-1"/>
										</head>
									</heads>
								</chord>
								<clefSign clef="treble"/>
							</noteObjects>
						</voice>
					</voices>
				</staff>
			</staves>
		</system>
		<system justified="true" instrNotation="short">
			<context/><staves>
				<staff layout="Klavier1" defaultTime="3/8">
					<context/><voices>
						<voice stemDir="up">
							<lyricsSettings lineDist="1.5" firstLine="5">
								<font height="12" face="Times New Roman"/>
							</lyricsSettings>
							<noteObjects>
								<clefSign clef="treble"/>
								<keySign fifths="-6"/>
								<chord>
									<duration base="1/8"/>
									<drawObjects>
										<drawObj>
											<slur y2="-6.125" x2="-0.625" y1="-4.625" x3="-0.90625" y3="-5.53125" x1="-2.15625" y4="-4" x4="0.25"/>
											<basic noteRange="1"/>
										</drawObj>
									</drawObjects>
									<heads>
										<head pitch="A5">
											<alter step="-1" display="force"/>
										</head>
										<head pitch="C6">
											<alter display="force"/>
										</head>
									</heads>
								</chord>
								<chord>
									<duration base="1/8"/>
									<heads>
										<head pitch="G5">
											<alter step="-1"/>
										</head>
										<head pitch="B5">
											<alter step="-1"/>
										</head>
									</heads>
								</chord>
								<rest>
									<duration base="1/8"/>
									<display invisible="true"/>
								</rest>
								<chord>
									<duration dots="1" base="1/8"/>
									<display notationStaff="down"/>
									<beam shift="-9"/>
									<drawObjects>
										<drawObj>
											<slur y2="-17.03125" x2="3.75" y1="-4" x3="-11.0625" y3="-7.71875" x1="1.5" y4="-2" x4="0.25"/>
											<basic noteRange="9"/>
										</drawObj>
									</drawObjects>
									<heads>
										<head pitch="G5">
											<alter step="-1"/>
										</head>
										<head pitch="B5">
											<alter step="-1"/>
										</head>
									</heads>
								</chord>
								<chord>
									<duration base="1/16"/>
									<display notationStaff="down"/>
									<drawObjects>
										<drawObj>
											<text y="5" x="0">
												<font pitchAndFamily="2" height="18" charSet="2" face="capella3"/>
												<content>b</content>
											</text>
										</drawObj>
									</drawObjects>
									<heads>
										<head pitch="F5"/>
										<head pitch="A5"/>
									</heads>
								</chord>
								<chord>
									<duration base="1/16"/>
									<drawObjects>
										<drawObj>
											<text y="9" x="0">
												<font height="10" italic="true" face="Times New Roman"/>
												<content>dim.</content>
											</text>
										</drawObj>
									</drawObjects>
									<heads>
										<head pitch="G5">
											<alter step="-1"/>
										</head>
										<head pitch="B5">
											<alter step="-1"/>
										</head>
									</heads>
								</chord>
								<chord>
									<duration base="1/16"/>
									<heads>
										<head pitch="E5">
											<alter step="-1"/>
										</head>
										<head pitch="G5">
											<alter step="-1"/>
										</head>
									</heads>
								</chord>
								<chord>
									<duration base="1/16"/>
									<drawObjects>
										<drawObj>
											<wedge y2="6.5" lineWidth="0.1" decrescendo="true" x2="0.5" y1="6.5" x1="0"/>
											<basic noteRange="5"/>
										</drawObj>
									</drawObjects>
									<heads>
										<head pitch="D5">
											<alter step="-1"/>
										</head>
										<head pitch="F5"/>
									</heads>
								</chord>
								<chord>
									<duration base="1/16"/>
									<heads>
										<head pitch="C5"/>
										<head pitch="E5">
											<alter step="-1"/>
										</head>
									</heads>
								</chord>
								<chord>
									<duration base="1/16"/>
									<heads>
										<head pitch="B4">
											<alter step="-1"/>
										</head>
										<head pitch="D5">
											<alter step="-1"/>
										</head>
									</heads>
								</chord>
								<chord>
									<duration base="1/16"/>
									<heads>
										<head pitch="A4"/>
										<head pitch="C5"/>
									</heads>
								</chord>
								<chord>
									<duration base="1/16"/>
									<heads>
										<head pitch="B4">
											<alter step="-1"/>
										</head>
										<head pitch="D5">
											<alter step="-1"/>
										</head>
									</heads>
								</chord>
								<chord>
									<duration base="1/16"/>
									<heads>
										<head pitch="G4">
											<alter step="-1"/>
										</head>
										<head pitch="E5">
											<alter step="-1"/>
										</head>
									</heads>
								</chord>
								<clefSign clef="bass"/>
								<chord>
									<duration dots="1" base="1/4"/>
									<display xShift="0.5"/>
									<drawObjects>
										<drawObj>
											<slur y2="-10.34375" x2="2.875" y1="-8.25" x3="11.28125" y3="-10.21875" x1="1.65625" y4="-8.375" x4="12.71875"/>
											<basic noteRange="1"/>
										</drawObj>
										<drawObj>
											<text y="7" x="-1.5">
												<font pitchAndFamily="2" height="18" charSet="2" face="capella3"/>
												<content>q</content>
											</text>
										</drawObj>
									</drawObjects>
									<heads>
										<head pitch="F4"/>
										<head pitch="F5"/>
									</heads>
								</chord>
								<chord>
									<duration dots="1" base="1/4"/>
									<display xShift="0.25"/>
									<heads>
										<head pitch="F4"/>
										<head pitch="F5"/>
									</heads>
								</chord>
							</noteObjects>
						</voice>
						<voice stemDir="down">
							<lyricsSettings lineDist="1.5" firstLine="5">
								<font height="12" face="Times New Roman"/>
							</lyricsSettings>
							<noteObjects>
								<clefSign clef="treble"/>
								<keySign fifths="-6"/>
								<chord>
									<duration dots="1" base="1/8"/>
									<display notationStaff="down"/>
									<beam shift="9"/>
									<drawObjects>
										<drawObj>
											<slur y2="-24.84375" x2="2" y1="-8.34375" x3="0.03125" y3="-8.96875" x1="0.75" y4="-6.6875" x4="0.71875"/>
											<basic noteRange="5"/>
										</drawObj>
									</drawObjects>
									<heads>
										<head pitch="B6">
											<alter step="-1"/>
										</head>
										<head pitch="D7">
											<alter step="-1"/>
										</head>
									</heads>
								</chord>
								<chord>
									<duration base="1/16"/>
									<display notationStaff="down"/>
									<drawObjects>
										<drawObj>
											<text y="5" x="0">
												<font pitchAndFamily="2" height="18" charSet="2" face="capella3"/>
												<content>b</content>
											</text>
										</drawObj>
									</drawObjects>
									<heads>
										<head pitch="A6"/>
										<head pitch="C7"/>
									</heads>
								</chord>
								<chord>
									<duration base="1/16"/>
									<display notationStaff="up"/>
									<heads>
										<head pitch="B6">
											<alter step="-1"/>
										</head>
										<head pitch="D7">
											<alter step="-1"/>
										</head>
									</heads>
								</chord>
								<chord>
									<duration base="1/16"/>
									<heads>
										<head pitch="G6">
											<alter step="-1"/>
										</head>
										<head pitch="B6">
											<alter step="-1"/>
										</head>
									</heads>
								</chord>
								<chord>
									<duration base="1/8"/>
									<stem dir="up"/>
									<heads>
										<head pitch="F6"/>
										<head pitch="A6">
											<alter step="-1" display="force"/>
										</head>
									</heads>
								</chord>
								<chord>
									<duration base="1/8"/>
									<stem dir="up"/>
									<heads>
										<head pitch="E6">
											<alter step="-1"/>
										</head>
										<head pitch="G6">
											<alter step="-1"/>
										</head>
									</heads>
								</chord>
								<rest>
									<duration base="1/8"/>
									<display invisible="true"/>
								</rest>
								<rest>
									<duration dots="1" base="1/4"/>
									<display invisible="true"/>
								</rest>
								<clefSign clef="bass"/>
								<chord>
									<duration dots="1" base="1/8"/>
									<heads>
										<head pitch="D5">
											<alter step="-1"/>
										</head>
									</heads>
								</chord>
								<chord>
									<duration base="1/16"/>
									<heads>
										<head pitch="C5"/>
									</heads>
								</chord>
								<chord>
									<duration base="1/16"/>
									<heads>
										<head pitch="D5">
											<alter step="-1"/>
										</head>
									</heads>
								</chord>
								<chord>
									<duration base="1/16"/>
									<heads>
										<head pitch="B4">
											<alter step="-1"/>
										</head>
									</heads>
								</chord>
								<chord>
									<duration base="1/16"/>
									<display xShift="-0.25"/>
									<heads>
										<head pitch="D5">
											<alter step="-1"/>
										</head>
									</heads>
								</chord>
								<chord>
									<duration base="1/16"/>
									<heads>
										<head pitch="C5"/>
									</heads>
								</chord>
								<chord>
									<duration base="1/16"/>
									<heads>
										<head pitch="D5">
											<alter step="-1"/>
										</head>
									</heads>
								</chord>
								<chord>
									<duration base="1/16"/>
									<heads>
										<head pitch="B4">
											<alter step="-1"/>
										</head>
									</heads>
								</chord>
								<chord>
									<duration base="1/16"/>
									<heads>
										<head pitch="C5"/>
									</heads>
								</chord>
								<chord>
									<duration base="1/16"/>
									<heads>
										<head pitch="D5">
											<alter step="-1"/>
										</head>
									</heads>
								</chord>
							</noteObjects>
						</voice>
					</voices>
				</staff>
				<staff layout="Klavier2" defaultTime="3/8">
					<context/><voices>
						<voice>
							<lyricsSettings lineDist="1.5" firstLine="5">
								<font height="12" face="Times New Roman"/>
							</lyricsSettings>
							<noteObjects>
								<clefSign clef="treble"/>
								<keySign fifths="-6"/>
								<rest>
									<duration base="1/4"/>
									<display invisible="true"/>
								</rest>
								<rest>
									<duration noDuration="true" base="1/128"/>
									<display invisible="true"/>
								</rest>
								<clefSign clef="bass"/>
								<rest>
									<duration base="1/32"/>
								</rest>
								<chord>
									<duration base="1/32"/>
									<beam group="split"/>
									<drawObjects>
										<drawObj>
											<slur y2="8.28125" x2="1.5625" y1="5.5" x3="-0.1875" y3="10.4375" x1="0.75" y4="6.25" x4="0.25"/>
											<basic noteRange="3"/>
										</drawObj>
									</drawObjects>
									<heads>
										<head pitch="G3">
											<alter step="-1"/>
										</head>
									</heads>
								</chord>
								<chord>
									<duration base="1/32">
										<tuplet count="3"/>
									</duration>
									<drawObjects>
										<drawObj>
											<bracket y1="8.5" x2="1" x1="0" y2="7" number="3"/>
											<basic noteRange="2"/>
										</drawObj>
									</drawObjects>
									<heads>
										<head pitch="G2">
											<alter step="-1"/>
										</head>
									</heads>
								</chord>
								<chord>
									<duration base="1/32">
										<tuplet count="3"/>
									</duration>
									<heads>
										<head pitch="E2">
											<alter step="-1"/>
										</head>
									</heads>
								</chord>
								<chord>
									<duration base="1/32">
										<tuplet count="3"/>
									</duration>
									<drawObjects>
										<drawObj>
											<text y="5.5" x="0.5">
												<font pitchAndFamily="2" height="18" charSet="2" face="capella3"/>
												<content>a</content>
											</text>
										</drawObj>
									</drawObjects>
									<heads>
										<head pitch="E3">
											<alter step="-1"/>
										</head>
									</heads>
								</chord>
								<clefSign clef="treble"/>
								<rest>
									<duration base="1/4"/>
									<display invisible="true"/>
								</rest>
								<rest>
									<duration noDuration="true" base="1/128"/>
									<display invisible="true"/>
								</rest>
								<clefSign clef="bass"/>
								<rest>
									<duration base="1/32"/>
								</rest>
								<chord>
									<duration base="1/32"/>
									<beam group="split"/>
									<drawObjects>
										<drawObj>
											<slur y2="17.1875" x2="2.21875" y1="6.5" x3="-1.03125" y3="3.59375" x1="0.75" y4="1" x4="-0.5"/>
											<basic noteRange="8"/>
										</drawObj>
									</drawObjects>
									<heads>
										<head pitch="E3">
											<alter step="-1"/>
										</head>
									</heads>
								</chord>
								<chord>
									<duration base="1/32">
										<tuplet count="3"/>
									</duration>
									<drawObjects>
										<drawObj>
											<bracket y1="9.5" x2="1" x1="0" y2="9" number="3"/>
											<basic noteRange="2"/>
										</drawObj>
									</drawObjects>
									<heads>
										<head pitch="E2">
											<alter step="-1"/>
										</head>
									</heads>
								</chord>
								<chord>
									<duration base="1/32">
										<tuplet count="3"/>
									</duration>
									<heads>
										<head pitch="C2"/>
									</heads>
								</chord>
								<chord>
									<duration base="1/32">
										<tuplet count="3"/>
									</duration>
									<drawObjects>
										<drawObj>
											<text y="7" x="0">
												<font pitchAndFamily="2" height="18" charSet="2" face="capella3"/>
												<content>a</content>
											</text>
										</drawObj>
									</drawObjects>
									<heads>
										<head pitch="C3"/>
									</heads>
								</chord>
								<chord>
									<duration base="1/32"/>
									<heads>
										<head pitch="E3">
											<alter step="-1"/>
										</head>
									</heads>
								</chord>
								<chord>
									<duration base="1/32"/>
									<heads>
										<head pitch="G3">
											<alter step="-1"/>
										</head>
									</heads>
								</chord>
								<chord>
									<duration base="1/32"/>
									<heads>
										<head pitch="C4"/>
									</heads>
								</chord>
								<chord>
									<duration base="1/32"/>
									<beam group="split"/>
									<heads>
										<head pitch="E4">
											<alter step="-1"/>
										</head>
									</heads>
								</chord>
								<chord>
									<duration base="1/16"/>
									<heads>
										<head pitch="G4">
											<alter step="-1"/>
										</head>
									</heads>
								</chord>
								<rest>
									<duration base="1/16"/>
									<drawObjects>
										<drawObj>
											<text y="5" x="0">
												<font pitchAndFamily="2" height="18" charSet="2" face="capella3"/>
												<content>b</content>
											</text>
										</drawObj>
									</drawObjects>
								</rest>
								<rest>
									<duration base="1/8"/>
								</rest>
								<chord>
									<duration dots="1" base="1/4"/>
									<drawObjects>
										<drawObj>
											<slur y2="-3.3125" x2="3.03125" y1="-1.375" x3="11.53125" y3="-3.3125" x1="1.65625" y4="-1.375" x4="12.625"/>
											<basic noteRange="1"/>
										</drawObj>
									</drawObjects>
									<heads>
										<head pitch="F3"/>
									</heads>
								</chord>
								<chord>
									<duration dots="1" base="1/4"/>
									<heads>
										<head pitch="F3"/>
									</heads>
								</chord>
							</noteObjects>
						</voice>
						<voice>
							<lyricsSettings lineDist="1.5" firstLine="5">
								<font height="12" face="Times New Roman"/>
							</lyricsSettings>
							<noteObjects>
								<clefSign clef="treble"/>
								<keySign fifths="-6"/>
								<rest>
									<duration base="1/4"/>
									<display invisible="true"/>
								</rest>
								<clefSign clef="bass"/>
								<rest>
									<duration base="1/8"/>
									<display invisible="true"/>
								</rest>
								<clefSign clef="treble"/>
								<rest>
									<duration base="1/4"/>
									<display invisible="true"/>
								</rest>
								<clefSign clef="bass"/>
								<rest>
									<duration base="1/8"/>
									<display invisible="true"/>
								</rest>
								<rest>
									<duration dots="1" base="1/4"/>
									<display invisible="true"/>
								</rest>
								<chord>
									<duration dots="1" base="1/8"/>
									<stem dir="down"/>
									<heads>
										<head pitch="D3">
											<alter step="-1"/>
										</head>
									</heads>
								</chord>
								<chord>
									<duration base="1/16"/>
									<stem dir="down"/>
									<heads>
										<head pitch="C3"/>
									</heads>
								</chord>
								<chord>
									<duration base="1/16"/>
									<stem dir="down"/>
									<heads>
										<head pitch="D3">
											<alter step="-1"/>
										</head>
									</heads>
								</chord>
								<chord>
									<duration base="1/16"/>
									<stem dir="down"/>
									<heads>
										<head pitch="B2">
											<alter step="-1"/>
										</head>
									</heads>
								</chord>
								<chord>
									<duration base="1/16"/>
									<stem dir="down"/>
									<heads>
										<head pitch="D3">
											<alter step="-1"/>
										</head>
									</heads>
								</chord>
								<chord>
									<duration base="1/16"/>
									<stem dir="down"/>
									<heads>
										<head pitch="C3"/>
									</heads>
								</chord>
								<chord>
									<duration base="1/16"/>
									<stem dir="down"/>
									<heads>
										<head pitch="D3">
											<alter step="-1"/>
										</head>
									</heads>
								</chord>
								<chord>
									<duration base="1/16"/>
									<stem dir="down"/>
									<heads>
										<head pitch="B2">
											<alter step="-1"/>
										</head>
									</heads>
								</chord>
								<chord>
									<duration base="1/16"/>
									<stem dir="down"/>
									<heads>
										<head pitch="C3"/>
									</heads>
								</chord>
								<chord>
									<duration base="1/16"/>
									<stem dir="down"/>
									<heads>
										<head pitch="D3">
											<alter step="-1"/>
										</head>
									</heads>
								</chord>
							</noteObjects>
						</voice>
					</voices>
				</staff>
			</staves>
		</system>
	</systems>
</score>
</piece>
</smr>
